snapshot,scraped_at,car_id,model_group,year,price,mileage,exterior_color,interior_color,city,state,dealer,vin,url,sources,title
2026-10-03_1449,2026-10-03T14:49-05:00,ZFF79ALA4J0237558,488 GTB,2018,,10927,BLU ABU DHABI,TERRA BRUCIATA,,,Ferrari of Denver INQUIRE MORE DETAILS,ZFF79ALA4J0237558,https://preowned.ferrari.com/en-US/a/north-america/used-ferrari/usa/ferrari-of-denver-/488-gtb/IljixbcgVnJGsKsQfDGsrve3Zi2DMF9BWOPEWKrf8OnN9mz1Qzpt18BR9%2FU8hWheuIYTGy%2FE%2FhVAwkH%2BtPL1Dxe37ulmLHQdajaBHLlJGQ%3D%3D,Ferrari Approved,2018 Ferrari 488 GTB
2026-10-03_1449,2026-10-03T14:49-05:00,https://preowned.ferrari.com/en-US/a/north-america/used-ferrari/usa/ferrari-of-denver-/488-gtb/IljixbcgVnJGsKsQfDGsrve3Zi2DMF9BWOPEWKrf8OnN9mz1Qzpt18BR9%2FU8hWheuIYTGy%2FE%2FhVAwkH%2BtPL1Dxe37ulmLHQdajaBHLlJGQ%3D%3D,488 GTB,2018,,10927,BLU ABU DHABI,TERRA BRUCIATA,,,Ferrari of Denver INQUIRE MORE DETAILS,,https://preowned.ferrari.com/en-US/a/north-america/used-ferrari/usa/ferrari-of-denver-/488-gtb/IljixbcgVnJGsKsQfDGsrve3Zi2DMF9BWOPEWKrf8OnN9mz1Qzpt18BR9%2FU8hWheuIYTGy%2FE%2FhVAwkH%2BtPL1Dxe37ulmLHQdajaBHLlJGQ%3D%3D,Ferrari Approved,2018 Ferrari 488 GTB
2026-10-03_1449,2026-10-03T14:49-05:00,ZFF79ALA2J0229703,488 GTB,2018,343125,9109,BIANCO AVUS,NERO,,,Ferrari Dallas INQUIRE MORE DETAILS,ZFF79ALA2J0229703,https://preowned.ferrari.com/en-US/a/north-america/used-ferrari/usa/ferrari-dallas/488-gtb/IljixbcgVnJGsKsQfDGsrtEZ9saQ5umCcvK8TLH2MAB8pN1HbMHaJLcCVg3T6U4yuIYTGy%2FE%2FhVGwkH%2Btfz3Chy37ulmLHwWbTKHFr5JGQ%3D%3D,Ferrari Approved,2018 Ferrari 488 GTB
2026-10-03_1449,2026-10-03T14:49-05:00,https://preowned.ferrari.com/en-US/a/north-america/used-ferrari/usa/ferrari-dallas/488-gtb/IljixbcgVnJGsKsQfDGsrtEZ9saQ5umCcvK8TLH2MAB8pN1HbMHaJLcCVg3T6U4yuIYTGy%2FE%2FhVGwkH%2Btfz3Chy37ulmLHwWbTKHFr5JGQ%3D%3D,488 GTB,2018,343125,9109,BIANCO AVUS,NERO,,,Ferrari Dallas INQUIRE MORE DETAILS,,https://preowned.ferrari.com/en-US/a/north-america/used-ferrari/usa/ferrari-dallas/488-gtb/IljixbcgVnJGsKsQfDGsrtEZ9saQ5umCcvK8TLH2MAB8pN1HbMHaJLcCVg3T6U4yuIYTGy%2FE%2FhVGwkH%2Btfz3Chy37ulmLHwWbTKHFr5JGQ%3D%3D,Ferrari Approved,2018 Ferrari 488 GTB
2026-10-03_1449,2026-10-03T14:49-05:00,ZFF79ALA1K0245439,488 GTB,2019,401685,3943,BIANCO AVUS,NERO,,,Ferrari of Naples INQUIRE MORE DETAILS,ZFF79ALA1K0245439,https://preowned.ferrari.com/en-US/a/north-america/used-ferrari/usa/ferrari-of-naples/488-gtb/IljixbcgVnJGsKsQfDGsrua25OJzt0UKB4JTUzEHJHmgtNsiHfhBLG5UzpIA9dcmuIYTGy%2FE%2FhVFw0H%2Bs%2FD0CRa37ulnJXQXYD6HELhNEg%3D%3D,Ferrari Approved,2019 Ferrari 488 GTB
2026-10-03_1449,2026-10-03T14:49-05:00,https://preowned.ferrari.com/en-US/a/north-america/used-ferrari/usa/ferrari-of-naples/488-gtb/IljixbcgVnJGsKsQfDGsrua25OJzt0UKB4JTUzEHJHmgtNsiHfhBLG5UzpIA9dcmuIYTGy%2FE%2FhVFw0H%2Bs%2FD0CRa37ulnJXQXYD6HELhNEg%3D%3D,488 GTB,2019,401685,3943,BIANCO AVUS,NERO,,,Ferrari of Naples INQUIRE MORE DETAILS,,https://preowned.ferrari.com/en-US/a/north-america/used-ferrari/usa/ferrari-of-naples/488-gtb/IljixbcgVnJGsKsQfDGsrua25OJzt0UKB4JTUzEHJHmgtNsiHfhBLG5UzpIA9dcmuIYTGy%2FE%2FhVFw0H%2Bs%2FD0CRa37ulnJXQXYD6HELhNEg%3D%3D,Ferrari Approved,2019 Ferrari 488 GTB
2026-10-03_1449,2026-10-03T14:49-05:00,ZFF80AMA7G0219223,488 GTS/Spider,2016,429122,4455,BIANCO AVUS,NERO,,,Ferrari of San Francisco INQUIRE MORE DETAILS,ZFF80AMA7G0219223,https://preowned.ferrari.com/en-US/a/north-america/used-ferrari/usa/ferrari-of-san-francisco/488-spider/IljixbcgVnJGsKsQfDGsrmym7eSdWnjbInZlSoRzPoS0HSkgwRoxWm0tH49SrodSuIYTFCbE%2FxVDz0H%2BtvzyCBy37ulmLX0bajKBEr1JEg%3D%3D,Ferrari Approved,2016 Ferrari 488 SPIDER
2026-10-03_1449,2026-10-03T14:49-05:00,https://preowned.ferrari.com/en-US/a/north-america/used-ferrari/usa/ferrari-of-san-francisco/488-spider/IljixbcgVnJGsKsQfDGsrmym7eSdWnjbInZlSoRzPoS0HSkgwRoxWm0tH49SrodSuIYTFCbE%2FxVDz0H%2BtvzyCBy37ulmLX0bajKBEr1JEg%3D%3D,488 GTS/Spider,2016,429122,4455,BIANCO AVUS,NERO,,,Ferrari of San Francisco INQUIRE MORE DETAILS,,https://preowned.ferrari.com/en-US/a/north-america/used-ferrari/usa/ferrari-of-san-francisco/488-spider/IljixbcgVnJGsKsQfDGsrmym7eSdWnjbInZlSoRzPoS0HSkgwRoxWm0tH49SrodSuIYTFCbE%2FxVDz0H%2BtvzyCBy37ulmLX0bajKBEr1JEg%3D%3D,Ferrari Approved,2016 Ferrari 488 SPIDER
2026-10-03_1449,2026-10-03T14:49-05:00,ZFF80AMA2J0231111,488 GTS/Spider,2018,389253,21138,NERO,CUOIO,,,Ferrari of San Francisco INQUIRE MORE DETAILS,ZFF80AMA2J0231111,https://preowned.ferrari.com/en-US/a/north-america/used-ferrari/usa/ferrari-of-san-francisco/488-spider/IljixbcgVnJGsKsQfDGsrs8FN63sTTj0vHdl%2Bj5MPiv0SmbE8h1hLp%2FOZLRhQLT9uIYTFCbE%2FxVGwkH%2BtPTxCx637ulmLX0bajKHEb5IFQ%3D%3D,Ferrari Approved,2018 Ferrari 488 SPIDER
2026-10-03_1449,2026-10-03T14:49-05:00,https://preowned.ferrari.com/en-US/a/north-america/used-ferrari/usa/ferrari-of-san-francisco/488-spider/IljixbcgVnJGsKsQfDGsrs8FN63sTTj0vHdl%2Bj5MPiv0SmbE8h1hLp%2FOZLRhQLT9uIYTFCbE%2FxVGwkH%2BtPTxCx637ulmLX0bajKHEb5IFQ%3D%3D,488 GTS/Spider,2018,389253,21138,NERO,CUOIO,,,Ferrari of San Francisco INQUIRE MORE DETAILS,,https://preowned.ferrari.com/en-US/a/north-america/used-ferrari/usa/ferrari-of-san-francisco/488-spider/IljixbcgVnJGsKsQfDGsrs8FN63sTTj0vHdl%2Bj5MPiv0SmbE8h1hLp%2FOZLRhQLT9uIYTFCbE%2FxVGwkH%2BtPTxCx637ulmLX0bajKHEb5IFQ%3D%3D,Ferrari Approved,2018 Ferrari 488 SPIDER
2026-10-03_1449,2026-10-03T14:49-05:00,ZFF80AMA7K0243675,488 GTS/Spider,2019,398902,17681,BIANCO AVUS,NERO,,,Ferrari of San Francisco INQUIRE MORE DETAILS,ZFF80AMA7K0243675,https://preowned.ferrari.com/en-US/a/north-america/used-ferrari/usa/ferrari-of-san-francisco/488-spider/IljixbcgVnJGsKsQfDGsrkbi81xeyLXIcuBvDXSBhBtvztRJsCKn9xPgNm8pbmQDuIYTFCbE%2FxVDw0H%2Bs%2Fb2DRq37ulmLX0bajKHFrdKGQ%3D%3D,Ferrari Approved,2019 Ferrari 488 SPIDER
2026-10-03_1449,2026-10-03T14:49-05:00,https://preowned.ferrari.com/en-US/a/north-america/used-ferrari/usa/ferrari-of-san-francisco/488-spider/IljixbcgVnJGsKsQfDGsrkbi81xeyLXIcuBvDXSBhBtvztRJsCKn9xPgNm8pbmQDuIYTFCbE%2FxVDw0H%2Bs%2Fb2DRq37ulmLX0bajKHFrdKGQ%3D%3D,488 GTS/Spider,2019,398902,17681,BIANCO AVUS,NERO,,,Ferrari of San Francisco INQUIRE MORE DETAILS,,https://preowned.ferrari.com/en-US/a/north-america/used-ferrari/usa/ferrari-of-san-francisco/488-spider/IljixbcgVnJGsKsQfDGsrkbi81xeyLXIcuBvDXSBhBtvztRJsCKn9xPgNm8pbmQDuIYTFCbE%2FxVDw0H%2Bs%2Fb2DRq37ulmLX0bajKHFrdKGQ%3D%3D,Ferrari Approved,2019 Ferrari 488 SPIDER
2026-10-03_1449,2026-10-03T14:49-05:00,ZFF80AMA1H0223141,488 GTS/Spider,2017,399647,9725,NERO,NERO,,,Ferrari of San Francisco INQUIRE MORE DETAILS,ZFF80AMA1H0223141,https://preowned.ferrari.com/en-US/a/north-america/used-ferrari/usa/ferrari-of-san-francisco/488-spider/IljixbcgVnJGsKsQfDGsrhDNMwAbTpDX8mLZSxvls4xWQbwHhgdQHnTYyogW%2F00BuIYTFCbE%2FxVFwEH%2BtfbxDh637ulmLX0bajKHFr9NFQ%3D%3D,Ferrari Approved,2017 Ferrari 488 SPIDER
2026-10-03_1449,2026-10-03T14:49-05:00,https://preowned.ferrari.com/en-US/a/north-america/used-ferrari/usa/ferrari-of-san-francisco/488-spider/IljixbcgVnJGsKsQfDGsrhDNMwAbTpDX8mLZSxvls4xWQbwHhgdQHnTYyogW%2F00BuIYTFCbE%2FxVFwEH%2BtfbxDh637ulmLX0bajKHFr9NFQ%3D%3D,488 GTS/Spider,2017,399647,9725,NERO,NERO,,,Ferrari of San Francisco INQUIRE MORE DETAILS,,https://preowned.ferrari.com/en-US/a/north-america/used-ferrari/usa/ferrari-of-san-francisco/488-spider/IljixbcgVnJGsKsQfDGsrhDNMwAbTpDX8mLZSxvls4xWQbwHhgdQHnTYyogW%2F00BuIYTFCbE%2FxVFwEH%2BtfbxDh637ulmLX0bajKHFr9NFQ%3D%3D,Ferrari Approved,2017 Ferrari 488 SPIDER
2026-10-03_1449,2026-10-03T14:49-05:00,ZFF80AMA5J0231474,488 GTS/Spider,2018,439900,5904,BIANCO AVUS,CUOIO,,,Ferrari of Fort Lauderdale INQUIRE MORE DETAILS,ZFF80AMA5J0231474,https://preowned.ferrari.com/en-US/a/north-america/used-ferrari/usa/ferrari-of-fort-lauderdale/488-spider/IljixbcgVnJGsKsQfDGsrhf%2FHfdedY5xwt%2FG6jA0SbWRYPq7CqGBL8REzZYwQxL8uIYTFCbE%2FxVBwkH%2BtPT0DRu37ulmLHQabT6HErlGFw%3D%3D,Ferrari Approved,2018 Ferrari 488 SPIDER
2026-10-03_1449,2026-10-03T14:49-05:00,https://preowned.ferrari.com/en-US/a/north-america/used-ferrari/usa/ferrari-of-fort-lauderdale/488-spider/IljixbcgVnJGsKsQfDGsrhf%2FHfdedY5xwt%2FG6jA0SbWRYPq7CqGBL8REzZYwQxL8uIYTFCbE%2FxVBwkH%2BtPT0DRu37ulmLHQabT6HErlGFw%3D%3D,488 GTS/Spider,2018,439900,5904,BIANCO AVUS,CUOIO,,,Ferrari of Fort Lauderdale INQUIRE MORE DETAILS,,https://preowned.ferrari.com/en-US/a/north-america/used-ferrari/usa/ferrari-of-fort-lauderdale/488-spider/IljixbcgVnJGsKsQfDGsrhf%2FHfdedY5xwt%2FG6jA0SbWRYPq7CqGBL8REzZYwQxL8uIYTFCbE%2FxVBwkH%2BtPT0DRu37ulmLHQabT6HErlGFw%3D%3D,Ferrari Approved,2018 Ferrari 488 SPIDER
2026-10-03_1449,2026-10-03T14:49-05:00,ZFF80AMAXK0239653,488 GTS/Spider,2019,395125,9538,BIANCO AVUS,NERO,,,Ferrari Dallas INQUIRE MORE DETAILS,ZFF80AMAXK0239653,https://preowned.ferrari.com/en-US/a/north-america/used-ferrari/usa/ferrari-dallas/488-spider/IljixbcgVnJGsKsQfDGsrnlPWZA4L7xR78zB%2FcfKU9DPqRQVtltxLqEXed74%2FTP0uIYTFCbE%2FxUsw0H%2BtPz2Dxy37ulmLHsbazOGE7lJGQ%3D%3D,Ferrari Approved,2019 Ferrari 488 SPIDER
2026-10-03_1449,2026-10-03T14:49-05:00,https://preowned.ferrari.com/en-US/a/north-america/used-ferrari/usa/ferrari-dallas/488-spider/IljixbcgVnJGsKsQfDGsrnlPWZA4L7xR78zB%2FcfKU9DPqRQVtltxLqEXed74%2FTP0uIYTFCbE%2FxUsw0H%2BtPz2Dxy37ulmLHsbazOGE7lJGQ%3D%3D,488 GTS/Spider,2019,395125,9538,BIANCO AVUS,NERO,,,Ferrari Dallas INQUIRE MORE DETAILS,,https://preowned.ferrari.com/en-US/a/north-america/used-ferrari/usa/ferrari-dallas/488-spider/IljixbcgVnJGsKsQfDGsrnlPWZA4L7xR78zB%2FcfKU9DPqRQVtltxLqEXed74%2FTP0uIYTFCbE%2FxUsw0H%2BtPz2Dxy37ulmLHsbazOGE7lJGQ%3D%3D,Ferrari Approved,2019 Ferrari 488 SPIDER
2026-10-03_1449,2026-10-03T14:49-05:00,ZFF80AMAXJ0236802,488 GTS/Spider,2018,400689,12305,GRIGIO SILVERSTONE,CHARCOAL,,,Ferrari of Atlanta INQUIRE MORE DETAILS,ZFF80AMAXJ0236802,https://preowned.ferrari.com/en-US/a/north-america/used-ferrari/usa/ferrari-of-atlanta/488-spider/IljixbcgVnJGsKsQfDGsrv0AnMDz%2BG0uTyjL2GrRD6QLfVIvDnAZFIA9W78P7MQ5uIYTFCbE%2FxUswj7%2BtPP4Ch237ulmLHscbjSFFr9JEg%3D%3D,Ferrari Approved,2018 Ferrari 488 SPIDER
2026-10-03_1449,2026-10-03T14:49-05:00,https://preowned.ferrari.com/en-US/a/north-america/used-ferrari/usa/ferrari-of-atlanta/488-spider/IljixbcgVnJGsKsQfDGsrv0AnMDz%2BG0uTyjL2GrRD6QLfVIvDnAZFIA9W78P7MQ5uIYTFCbE%2FxUswj7%2BtPP4Ch237ulmLHscbjSFFr9JEg%3D%3D,488 GTS/Spider,2018,400689,12305,GRIGIO SILVERSTONE,CHARCOAL,,,Ferrari of Atlanta INQUIRE MORE DETAILS,,https://preowned.ferrari.com/en-US/a/north-america/used-ferrari/usa/ferrari-of-atlanta/488-spider/IljixbcgVnJGsKsQfDGsrv0AnMDz%2BG0uTyjL2GrRD6QLfVIvDnAZFIA9W78P7MQ5uIYTFCbE%2FxUswj7%2BtPP4Ch237ulmLHscbjSFFr9JEg%3D%3D,Ferrari Approved,2018 Ferrari 488 SPIDER
2026-10-03_1449,2026-10-03T14:49-05:00,ZFF80AMA2K0238156,488 GTS/Spider,2019,430983,8177,GRIGIO SILVERSTONE,CUOIO,,,Ferrari of Washington INQUIRE MORE DETAILS,ZFF80AMA2K0238156,https://preowned.ferrari.com/en-US/a/north-america/used-ferrari/usa/ferrari-of-washington-/488-spider/IljixbcgVnJGsKsQfDGsrhGIwm0rFKDNdqbY73az317uy1YimE%2BwPsJGCVWmultyuIYTFCbE%2FxVGw0H%2BtP3xDxm37ulmLHsdbTOBErlNFQ%3D%3D,Ferrari Approved,2019 Ferrari 488 SPIDER
2026-10-03_1449,2026-10-03T14:49-05:00,https://preowned.ferrari.com/en-US/a/north-america/used-ferrari/usa/ferrari-of-washington-/488-spider/IljixbcgVnJGsKsQfDGsrhGIwm0rFKDNdqbY73az317uy1YimE%2BwPsJGCVWmultyuIYTFCbE%2FxVGw0H%2BtP3xDxm37ulmLHsdbTOBErlNFQ%3D%3D,488 GTS/Spider,2019,430983,8177,GRIGIO SILVERSTONE,CUOIO,,,Ferrari of Washington INQUIRE MORE DETAILS,,https://preowned.ferrari.com/en-US/a/north-america/used-ferrari/usa/ferrari-of-washington-/488-spider/IljixbcgVnJGsKsQfDGsrhGIwm0rFKDNdqbY73az317uy1YimE%2BwPsJGCVWmultyuIYTFCbE%2FxVGw0H%2BtP3xDxm37ulmLHsdbTOBErlNFQ%3D%3D,Ferrari Approved,2019 Ferrari 488 SPIDER
2026-10-03_1449,2026-10-03T14:49-05:00,ZFF99SLA0P0295514,296 GTB,2023,329122,6072,BLU CORSA,NERO,,,Ferrari of San Francisco INQUIRE MORE DETAILS,ZFF99SLA0P0295514,https://preowned.ferrari.com/en-US/a/north-america/used-ferrari/usa/ferrari-of-san-francisco/296-gtb/IljixbcgVnJGsKsQfDGsrsw0o8rA%2BRaFJoHO4I8aLFojOWfmakH%2Br77Ob73RMdsVuIYTFS%2FW%2FhVE2EH%2BvvD1Cxu37ulmLX0bajKBHL9HEA%3D%3D,Ferrari Approved,2023 Ferrari 296 GTB
2026-10-03_1449,2026-10-03T14:49-05:00,https://preowned.ferrari.com/en-US/a/north-america/used-ferrari/usa/ferrari-of-san-francisco/296-gtb/IljixbcgVnJGsKsQfDGsrsw0o8rA%2BRaFJoHO4I8aLFojOWfmakH%2Br77Ob73RMdsVuIYTFS%2FW%2FhVE2EH%2BvvD1Cxu37ulmLX0bajKBHL9HEA%3D%3D,296 GTB,2023,329122,6072,BLU CORSA,NERO,,,Ferrari of San Francisco INQUIRE MORE DETAILS,,https://preowned.ferrari.com/en-US/a/north-america/used-ferrari/usa/ferrari-of-san-francisco/296-gtb/IljixbcgVnJGsKsQfDGsrsw0o8rA%2BRaFJoHO4I8aLFojOWfmakH%2Br77Ob73RMdsVuIYTFS%2FW%2FhVE2EH%2BvvD1Cxu37ulmLX0bajKBHL9HEA%3D%3D,Ferrari Approved,2023 Ferrari 296 GTB
2026-10-03_1449,2026-10-03T14:49-05:00,ZFF99SLA7P0296949,296 GTB,2023,,5809,BLU ELETTRICO 2020,NERO,,,Twin Cities Performance INQUIRE MORE DETAILS,ZFF99SLA7P0296949,https://preowned.ferrari.com/en-US/a/north-america/used-ferrari/usa/twin-cities-performance/296-gtb/IljixbcgVnJGsKsQfDGsrn7iKKs3e0lcvBu4suN3M7ymDRMfrkOHoJdpz8R7BiLHuIYTFS%2FW%2FhVD2EH%2BvvP5Dha37ulmLHQZaDKAF7xLFQ%3D%3D,Ferrari Approved,2023 Ferrari 296 GTB
2026-10-03_1449,2026-10-03T14:49-05:00,https://preowned.ferrari.com/en-US/a/north-america/used-ferrari/usa/twin-cities-performance/296-gtb/IljixbcgVnJGsKsQfDGsrn7iKKs3e0lcvBu4suN3M7ymDRMfrkOHoJdpz8R7BiLHuIYTFS%2FW%2FhVD2EH%2BvvP5Dha37ulmLHQZaDKAF7xLFQ%3D%3D,296 GTB,2023,,5809,BLU ELETTRICO 2020,NERO,,,Twin Cities Performance INQUIRE MORE DETAILS,,https://preowned.ferrari.com/en-US/a/north-america/used-ferrari/usa/twin-cities-performance/296-gtb/IljixbcgVnJGsKsQfDGsrn7iKKs3e0lcvBu4suN3M7ymDRMfrkOHoJdpz8R7BiLHuIYTFS%2FW%2FhVD2EH%2BvvP5Dha37ulmLHQZaDKAF7xLFQ%3D%3D,Ferrari Approved,2023 Ferrari 296 GTB
2026-10-03_1449,2026-10-03T14:49-05:00,ZFF99SLA4S0313991,296 GTB,2025,451294,662,AVORIO,CUOIO,,,The Collection INQUIRE MORE DETAILS,ZFF99SLA4S0313991,https://preowned.ferrari.com/en-US/a/north-america/used-ferrari/usa/the-collection/296-gtb/IljixbcgVnJGsKsQfDGsrmQQ9FltN8OmUXJn9kO0NaySTpUSdwSLCTu%2By9uk3mPeuIYTFS%2FW%2FhVA20H%2Ftvb5Ax637ulmLHoaaTOBEr5MEg%3D%3D,Ferrari Approved,2025 Ferrari 296 GTB
2026-10-03_1449,2026-10-03T14:49-05:00,https://preowned.ferrari.com/en-US/a/north-america/used-ferrari/usa/the-collection/296-gtb/IljixbcgVnJGsKsQfDGsrmQQ9FltN8OmUXJn9kO0NaySTpUSdwSLCTu%2By9uk3mPeuIYTFS%2FW%2FhVA20H%2Ftvb5Ax637ulmLHoaaTOBEr5MEg%3D%3D,296 GTB,2025,451294,662,AVORIO,CUOIO,,,The Collection INQUIRE MORE DETAILS,,https://preowned.ferrari.com/en-US/a/north-america/used-ferrari/usa/the-collection/296-gtb/IljixbcgVnJGsKsQfDGsrmQQ9FltN8OmUXJn9kO0NaySTpUSdwSLCTu%2By9uk3mPeuIYTFS%2FW%2FhVA20H%2Ftvb5Ax637ulmLHoaaTOBEr5MEg%3D%3D,Ferrari Approved,2025 Ferrari 296 GTB
2026-10-03_1449,2026-10-03T14:49-05:00,ZFF99SLA1P0299586,296 GTB,2023,340689,2436,BIANCO CERVINO,NERO,,,Ferrari of Palm Beach INQUIRE MORE DETAILS,ZFF99SLA1P0299586,https://preowned.ferrari.com/en-US/a/north-america/used-ferrari/usa/ferrari-of-palm-beach/296-gtb/IljixbcgVnJGsKsQfDGsrgbHFmDJ75k1kPiYmckfv%2FLNsFvA%2FAsZudFZoWzJ%2FMMruIYTFS%2FW%2FhVF2EH%2Bvvz1Ahm37ulmLH4YbjWAE75LGQ%3D%3D,Ferrari Approved,2023 Ferrari 296 GTB
2026-10-03_1449,2026-10-03T14:49-05:00,https://preowned.ferrari.com/en-US/a/north-america/used-ferrari/usa/ferrari-of-palm-beach/296-gtb/IljixbcgVnJGsKsQfDGsrgbHFmDJ75k1kPiYmckfv%2FLNsFvA%2FAsZudFZoWzJ%2FMMruIYTFS%2FW%2FhVF2EH%2Bvvz1Ahm37ulmLH4YbjWAE75LGQ%3D%3D,296 GTB,2023,340689,2436,BIANCO CERVINO,NERO,,,Ferrari of Palm Beach INQUIRE MORE DETAILS,,https://preowned.ferrari.com/en-US/a/north-america/used-ferrari/usa/ferrari-of-palm-beach/296-gtb/IljixbcgVnJGsKsQfDGsrgbHFmDJ75k1kPiYmckfv%2FLNsFvA%2FAsZudFZoWzJ%2FMMruIYTFS%2FW%2FhVF2EH%2Bvvz1Ahm37ulmLH4YbjWAE75LGQ%3D%3D,Ferrari Approved,2023 Ferrari 296 GTB
2026-10-03_1449,2026-10-03T14:49-05:00,ZFF99SLAXP0290255,296 GTB,2023,339083,2363,NERO,NERO,,,Ron Tonkin Gran Turismo INQUIRE MORE DETAILS,ZFF99SLAXP0290255,https://preowned.ferrari.com/en-US/a/north-america/used-ferrari/usa/ron-tonkin-gran-turismo/296-gtb/IljixbcgVnJGsKsQfDGsrgifVa9CeV7lOpQwdmigKqFN833MsmTN1iRU%2FzcyHXycuIYTFS%2FW%2FhUs2EH%2BvvXyDxq37ulmLH4caTeDE75NFw%3D%3D,Ferrari Approved,2023 Ferrari 296 GTB
2026-10-03_1449,2026-10-03T14:49-05:00,https://preowned.ferrari.com/en-US/a/north-america/used-ferrari/usa/ron-tonkin-gran-turismo/296-gtb/IljixbcgVnJGsKsQfDGsrgifVa9CeV7lOpQwdmigKqFN833MsmTN1iRU%2FzcyHXycuIYTFS%2FW%2FhUs2EH%2BvvXyDxq37ulmLH4caTeDE75NFw%3D%3D,296 GTB,2023,339083,2363,NERO,NERO,,,Ron Tonkin Gran Turismo INQUIRE MORE DETAILS,,https://preowned.ferrari.com/en-US/a/north-america/used-ferrari/usa/ron-tonkin-gran-turismo/296-gtb/IljixbcgVnJGsKsQfDGsrgifVa9CeV7lOpQwdmigKqFN833MsmTN1iRU%2FzcyHXycuIYTFS%2FW%2FhUs2EH%2BvvXyDxq37ulmLH4caTeDE75NFw%3D%3D,Ferrari Approved,2023 Ferrari 296 GTB
2026-10-03_1449,2026-10-03T14:49-05:00,ZFF01SMA0P0297889,296 GTS/Spider,2023,399122,3154,EXTRA SAMPLE,NERO,,,Ferrari of San Francisco INQUIRE MORE DETAILS,ZFF01SMA0P0297889,https://preowned.ferrari.com/en-US/a/north-america/used-ferrari/usa/ferrari-of-san-francisco/296-gts/IljixbcgVnJGsKsQfDGsrooCwIf7gRltsZHqimLVE4%2BeF7rspevRNEsD4VBMPNUuuIYTHCfW%2FxVE2EH%2BvvL4Aha37ulmLX0bajKHE7xGGA%3D%3D,Ferrari Approved,2023 Ferrari 296 GTS
2026-10-03_1449,2026-10-03T14:49-05:00,https://preowned.ferrari.com/en-US/a/north-america/used-ferrari/usa/ferrari-of-san-francisco/296-gts/IljixbcgVnJGsKsQfDGsrooCwIf7gRltsZHqimLVE4%2BeF7rspevRNEsD4VBMPNUuuIYTHCfW%2FxVE2EH%2BvvL4Aha37ulmLX0bajKHE7xGGA%3D%3D,296 GTS/Spider,2023,399122,3154,EXTRA SAMPLE,NERO,,,Ferrari of San Francisco INQUIRE MORE DETAILS,,https://preowned.ferrari.com/en-US/a/north-america/used-ferrari/usa/ferrari-of-san-francisco/296-gts/IljixbcgVnJGsKsQfDGsrooCwIf7gRltsZHqimLVE4%2BeF7rspevRNEsD4VBMPNUuuIYTHCfW%2FxVE2EH%2BvvL4Aha37ulmLX0bajKHE7xGGA%3D%3D,Ferrari Approved,2023 Ferrari 296 GTS
2026-10-03_1449,2026-10-03T14:49-05:00,ZFF01SMA9P0294523,296 GTS/Spider,2023,529122,876,EXTRA SAMPLE,EXTRA SAMPLE,,,Ferrari of San Francisco INQUIRE MORE DETAILS,ZFF01SMA9P0294523,https://preowned.ferrari.com/en-US/a/north-america/used-ferrari/usa/ferrari-of-san-francisco/296-gts/IljixbcgVnJGsKsQfDGsrtPwod6lK8MkJz5%2Bqg0fiVlXBybUB2nM9iwzt%2BdNY9pFuIYTHCfW%2FxVN2EH%2BvvH1CBy37ulmLX0bajKEHb1GFw%3D%3D,Ferrari Approved,2023 Ferrari 296 GTS
2026-10-03_1449,2026-10-03T14:49-05:00,https://preowned.ferrari.com/en-US/a/north-america/used-ferrari/usa/ferrari-of-san-francisco/296-gts/IljixbcgVnJGsKsQfDGsrtPwod6lK8MkJz5%2Bqg0fiVlXBybUB2nM9iwzt%2BdNY9pFuIYTHCfW%2FxVN2EH%2BvvH1CBy37ulmLX0bajKEHb1GFw%3D%3D,296 GTS/Spider,2023,529122,876,EXTRA SAMPLE,EXTRA SAMPLE,,,Ferrari of San Francisco INQUIRE MORE DETAILS,,https://preowned.ferrari.com/en-US/a/north-america/used-ferrari/usa/ferrari-of-san-francisco/296-gts/IljixbcgVnJGsKsQfDGsrtPwod6lK8MkJz5%2Bqg0fiVlXBybUB2nM9iwzt%2BdNY9pFuIYTHCfW%2FxVN2EH%2BvvH1CBy37ulmLX0bajKEHb1GFw%3D%3D,Ferrari Approved,2023 Ferrari 296 GTS
2026-10-03_1449,2026-10-03T14:49-05:00,ZFF01SMA4R0311568,296 GTS/Spider,2024,415000,3013,AZZURRO DINO,NERO,,,Ferrari of Boca Raton INQUIRE MORE DETAILS,ZFF01SMA4R0311568,https://preowned.ferrari.com/en-US/a/north-america/used-ferrari/usa/ferrari-of-boca-raton/296-gts/IljixbcgVnJGsKsQfDGsrvjA9uuaJO8%2BwKDPuasN6lbpTqqcIxnxJwRVYhcdU4mFuIYTHCfW%2FxVA2kH%2FtvT1DBe37ulmLHQWbz6BFrhLFA%3D%3D,Ferrari Approved,2024 Ferrari 296 GTS
2026-10-03_1449,2026-10-03T14:49-05:00,https://preowned.ferrari.com/en-US/a/north-america/used-ferrari/usa/ferrari-of-boca-raton/296-gts/IljixbcgVnJGsKsQfDGsrvjA9uuaJO8%2BwKDPuasN6lbpTqqcIxnxJwRVYhcdU4mFuIYTHCfW%2FxVA2kH%2FtvT1DBe37ulmLHQWbz6BFrhLFA%3D%3D,296 GTS/Spider,2024,415000,3013,AZZURRO DINO,NERO,,,Ferrari of Boca Raton INQUIRE MORE DETAILS,,https://preowned.ferrari.com/en-US/a/north-america/used-ferrari/usa/ferrari-of-boca-raton/296-gts/IljixbcgVnJGsKsQfDGsrvjA9uuaJO8%2BwKDPuasN6lbpTqqcIxnxJwRVYhcdU4mFuIYTHCfW%2FxVA2kH%2FtvT1DBe37ulmLHQWbz6BFrhLFA%3D%3D,Ferrari Approved,2024 Ferrari 296 GTS
2026-10-03_1449,2026-10-03T14:49-05:00,ZFF01SMAXS0314268,296 GTS/Spider,2025,434970,2362,BIANCO CERVINO,NERO,,,Wide World Ferrari INQUIRE MORE DETAILS,ZFF01SMAXS0314268,https://preowned.ferrari.com/en-US/a/north-america/used-ferrari/usa/wide-world-ferrari/296-gts/IljixbcgVnJGsKsQfDGsriJnTt2YIziOYf229ZCAgI%2F6MNUkIWCrbHqPlDhoihKnuIYTHCfW%2FxUs20H%2FtvHyDBe37ulmLHQbYDGDHbxHEg%3D%3D,Ferrari Approved,2025 Ferrari 296 GTS
2026-10-03_1449,2026-10-03T14:49-05:00,https://preowned.ferrari.com/en-US/a/north-america/used-ferrari/usa/wide-world-ferrari/296-gts/IljixbcgVnJGsKsQfDGsriJnTt2YIziOYf229ZCAgI%2F6MNUkIWCrbHqPlDhoihKnuIYTHCfW%2FxUs20H%2FtvHyDBe37ulmLHQbYDGDHbxHEg%3D%3D,296 GTS/Spider,2025,434970,2362,BIANCO CERVINO,NERO,,,Wide World Ferrari INQUIRE MORE DETAILS,,https://preowned.ferrari.com/en-US/a/north-america/used-ferrari/usa/wide-world-ferrari/296-gts/IljixbcgVnJGsKsQfDGsriJnTt2YIziOYf229ZCAgI%2F6MNUkIWCrbHqPlDhoihKnuIYTHCfW%2FxUs20H%2FtvHyDBe37ulmLHQbYDGDHbxHEg%3D%3D,Ferrari Approved,2025 Ferrari 296 GTS
2026-10-03_1449,2026-10-03T14:49-05:00,ZFF01SMA2R0301380,296 GTS/Spider,2024,450062,1307,BLU LE MANS,BLU LIPARI,,,Ferrari Westlake INQUIRE MORE DETAILS,ZFF01SMA2R0301380,https://preowned.ferrari.com/en-US/a/north-america/used-ferrari/usa/ferrari-westlake/296-gts/IljixbcgVnJGsKsQfDGsrvzY9%2BeqCY7Ch67A%2BB0JVGHq6q6%2BXOYVthOg67%2FDOe6JuIYTHCfW%2FxVG2kH%2Ft%2FTzAh%2B37ulmLHQfbzGGHLxHEw%3D%3D,Ferrari Approved,2024 Ferrari 296 GTS
2026-10-03_1449,2026-10-03T14:49-05:00,https://preowned.ferrari.com/en-US/a/north-america/used-ferrari/usa/ferrari-westlake/296-gts/IljixbcgVnJGsKsQfDGsrvzY9%2BeqCY7Ch67A%2BB0JVGHq6q6%2BXOYVthOg67%2FDOe6JuIYTHCfW%2FxVG2kH%2Ft%2FTzAh%2B37ulmLHQfbzGGHLxHEw%3D%3D,296 GTS/Spider,2024,450062,1307,BLU LE MANS,BLU LIPARI,,,Ferrari Westlake INQUIRE MORE DETAILS,,https://preowned.ferrari.com/en-US/a/north-america/used-ferrari/usa/ferrari-westlake/296-gts/IljixbcgVnJGsKsQfDGsrvzY9%2BeqCY7Ch67A%2BB0JVGHq6q6%2BXOYVthOg67%2FDOe6JuIYTHCfW%2FxVG2kH%2Ft%2FTzAh%2B37ulmLHQfbzGGHLxHEw%3D%3D,Ferrari Approved,2024 Ferrari 296 GTS
2026-10-03_1449,2026-10-03T14:49-05:00,ZFF01SMA2R0312170,296 GTS/Spider,2024,409000,5245,NERO STELLATO,NERO,,,Ferrari of Boca Raton INQUIRE MORE DETAILS,ZFF01SMA2R0312170,https://preowned.ferrari.com/en-US/a/north-america/used-ferrari/usa/ferrari-of-boca-raton/296-gts/IljixbcgVnJGsKsQfDGsrsiLGlDUjs0F%2FP%2F9Hue%2FMZdOi6ciCk%2BBQVFWbgcbFWyeuIYTHCfW%2FxVG2kH%2FtvfxDR%2B37ulmLHUdbzOCEbxNEw%3D%3D,Ferrari Approved,2024 Ferrari 296 GTS
2026-10-03_1449,2026-10-03T14:49-05:00,https://preowned.ferrari.com/en-US/a/north-america/used-ferrari/usa/ferrari-of-boca-raton/296-gts/IljixbcgVnJGsKsQfDGsrsiLGlDUjs0F%2FP%2F9Hue%2FMZdOi6ciCk%2BBQVFWbgcbFWyeuIYTHCfW%2FxVG2kH%2FtvfxDR%2B37ulmLHUdbzOCEbxNEw%3D%3D,296 GTS/Spider,2024,409000,5245,NERO STELLATO,NERO,,,Ferrari of Boca Raton INQUIRE MORE DETAILS,,https://preowned.ferrari.com/en-US/a/north-america/used-ferrari/usa/ferrari-of-boca-raton/296-gts/IljixbcgVnJGsKsQfDGsrsiLGlDUjs0F%2FP%2F9Hue%2FMZdOi6ciCk%2BBQVFWbgcbFWyeuIYTHCfW%2FxVG2kH%2FtvfxDR%2B37ulmLHUdbzOCEbxNEw%3D%3D,Ferrari Approved,2024 Ferrari 296 GTS
2026-10-03_1449,2026-10-03T14:49-05:00,ZFF01SMA0T0326155,296 GTS/Spider,2026,475825,714,BLU CORSA,NERO,,,Ferrari of Las Vegas INQUIRE MORE DETAILS,ZFF01SMA0T0326155,https://preowned.ferrari.com/en-US/a/north-america/used-ferrari/usa/ferrari-of-las-vegas/296-gts/IljixbcgVnJGsKsQfDGsrvloODX22hYkCNtRyyUFOR8vor9h8c7XQa5ldNSca7DxuIYTHCfW%2FxVE3EH%2FtfPxDxq37ulmLHUebzOAEr9HFg%3D%3D,Ferrari Approved,2026 Ferrari 296 GTS
2026-10-03_1449,2026-10-03T14:49-05:00,https://preowned.ferrari.com/en-US/a/north-america/used-ferrari/usa/ferrari-of-las-vegas/296-gts/IljixbcgVnJGsKsQfDGsrvloODX22hYkCNtRyyUFOR8vor9h8c7XQa5ldNSca7DxuIYTHCfW%2FxVE3EH%2FtfPxDxq37ulmLHUebzOAEr9HFg%3D%3D,296 GTS/Spider,2026,475825,714,BLU CORSA,NERO,,,Ferrari of Las Vegas INQUIRE MORE DETAILS,,https://preowned.ferrari.com/en-US/a/north-america/used-ferrari/usa/ferrari-of-las-vegas/296-gts/IljixbcgVnJGsKsQfDGsrvloODX22hYkCNtRyyUFOR8vor9h8c7XQa5ldNSca7DxuIYTHCfW%2FxVE3EH%2FtfPxDxq37ulmLHUebzOAEr9HFg%3D%3D,Ferrari Approved,2026 Ferrari 296 GTS
2026-10-03_1449,2026-10-03T14:49-05:00,ZFF01SMA5T0327186,296 GTS/Spider,2026,499900,1116,ARGENTO NURBURGRING,BLU STERLING,,,Ferrari of Long Island INQUIRE MORE DETAILS,ZFF01SMA5T0327186,https://preowned.ferrari.com/en-US/a/north-america/used-ferrari/usa/ferrari-of-long-island/296-gts/IljixbcgVnJGsKsQfDGsrociVT%2B6sRJrUAzFX5sLgHyrfx5vENxQ%2Brmk%2FWGi70ruuIYTHCfW%2FxVB3EH%2FtfLxAhm37ulmLHoWaz%2BGEbdPEQ%3D%3D,Ferrari Approved,2026 Ferrari 296 GTS
2026-10-03_1449,2026-10-03T14:49-05:00,https://preowned.ferrari.com/en-US/a/north-america/used-ferrari/usa/ferrari-of-long-island/296-gts/IljixbcgVnJGsKsQfDGsrociVT%2B6sRJrUAzFX5sLgHyrfx5vENxQ%2Brmk%2FWGi70ruuIYTHCfW%2FxVB3EH%2FtfLxAhm37ulmLHoWaz%2BGEbdPEQ%3D%3D,296 GTS/Spider,2026,499900,1116,ARGENTO NURBURGRING,BLU STERLING,,,Ferrari of Long Island INQUIRE MORE DETAILS,,https://preowned.ferrari.com/en-US/a/north-america/used-ferrari/usa/ferrari-of-long-island/296-gts/IljixbcgVnJGsKsQfDGsrociVT%2B6sRJrUAzFX5sLgHyrfx5vENxQ%2Brmk%2FWGi70ruuIYTHCfW%2FxVB3EH%2FtfLxAhm37ulmLHoWaz%2BGEbdPEQ%3D%3D,Ferrari Approved,2026 Ferrari 296 GTS
2026-10-03_1449,2026-10-03T14:49-05:00,ZFF01SMA8S0314415,296 GTS/Spider,2025,409895,589,GIALLO MODENA,NERO,,,Ferrari Central Florida INQUIRE MORE DETAILS,ZFF01SMA8S0314415,https://preowned.ferrari.com/en-US/a/north-america/used-ferrari/usa/ferrari-central-florida/296-gts/IljixbcgVnJGsKsQfDGsrqGlY0fhCPj%2FwPKQFRYzKeF%2FWlN0qBFhANQrXeWvLyy8uIYTHCfW%2FxVM20H%2FtvH0Cxq37ulmLHocazeDE79LEw%3D%3D,Ferrari Approved,2025 Ferrari 296 GTS
2026-10-03_1449,2026-10-03T14:49-05:00,https://preowned.ferrari.com/en-US/a/north-america/used-ferrari/usa/ferrari-central-florida/296-gts/IljixbcgVnJGsKsQfDGsrqGlY0fhCPj%2FwPKQFRYzKeF%2FWlN0qBFhANQrXeWvLyy8uIYTHCfW%2FxVM20H%2FtvH0Cxq37ulmLHocazeDE79LEw%3D%3D,296 GTS/Spider,2025,409895,589,GIALLO MODENA,NERO,,,Ferrari Central Florida INQUIRE MORE DETAILS,,https://preowned.ferrari.com/en-US/a/north-america/used-ferrari/usa/ferrari-central-florida/296-gts/IljixbcgVnJGsKsQfDGsrqGlY0fhCPj%2FwPKQFRYzKeF%2FWlN0qBFhANQrXeWvLyy8uIYTHCfW%2FxVM20H%2FtvH0Cxq37ulmLHocazeDE79LEw%3D%3D,Ferrari Approved,2025 Ferrari 296 GTS
2026-10-03_1449,2026-10-03T14:49-05:00,ZFF92LLA0L0253297,F8 Coupe (Tributo),2020,474980,6080,GRIGIO SILVERSTONE,NERO,,,Ferrari of Salt Lake City INQUIRE MORE DETAILS,ZFF92LLA0L0253297,https://preowned.ferrari.com/en-US/a/north-america/used-ferrari/usa/ferrari-of-salt-lake-city/f8-tributo/IljixbcgVnJGsKsQfDGsrlarVJWXAvbwpj7K%2B4Y%2F8mjxD4pwvQ6mH%2BwOI1doUvrLuIYTFSTJ%2FhVExEH%2BsvbyAxi37ulmLHQWaDOCEbZJEw%3D%3D,Ferrari Approved,2020 Ferrari F8 TRIBUTO
2026-10-03_1449,2026-10-03T14:49-05:00,https://preowned.ferrari.com/en-US/a/north-america/used-ferrari/usa/ferrari-of-salt-lake-city/f8-tributo/IljixbcgVnJGsKsQfDGsrlarVJWXAvbwpj7K%2B4Y%2F8mjxD4pwvQ6mH%2BwOI1doUvrLuIYTFSTJ%2FhVExEH%2BsvbyAxi37ulmLHQWaDOCEbZJEw%3D%3D,F8 Coupe (Tributo),2020,474980,6080,GRIGIO SILVERSTONE,NERO,,,Ferrari of Salt Lake City INQUIRE MORE DETAILS,,https://preowned.ferrari.com/en-US/a/north-america/used-ferrari/usa/ferrari-of-salt-lake-city/f8-tributo/IljixbcgVnJGsKsQfDGsrlarVJWXAvbwpj7K%2B4Y%2F8mjxD4pwvQ6mH%2BwOI1doUvrLuIYTFSTJ%2FhVExEH%2BsvbyAxi37ulmLHQWaDOCEbZJEw%3D%3D,Ferrari Approved,2020 Ferrari F8 TRIBUTO
2026-10-03_1449,2026-10-03T14:49-05:00,ZFF92LLA2N0273005,F8 Coupe (Tributo),2022,449995,14020,NERO DAYTONA,NERO,,,Ferrari of Central New Jersey INQUIRE MORE DETAILS,ZFF92LLA2N0273005,https://preowned.ferrari.com/en-US/a/north-america/used-ferrari/usa/ferrari-of-central-new-jersey/f8-tributo/IljixbcgVnJGsKsQfDGsrgA%2BzJWE1x4lWV3DPRngNwj4aGjK%2F5iEhzgWwvsatX2RuIYTFSTJ%2FhVGxkH%2BsPbwChq37ulnJXUZaDSHFL9OGQ%3D%3D,Ferrari Approved,2022 Ferrari F8 TRIBUTO
2026-10-03_1449,2026-10-03T14:49-05:00,https://preowned.ferrari.com/en-US/a/north-america/used-ferrari/usa/ferrari-of-central-new-jersey/f8-tributo/IljixbcgVnJGsKsQfDGsrgA%2BzJWE1x4lWV3DPRngNwj4aGjK%2F5iEhzgWwvsatX2RuIYTFSTJ%2FhVGxkH%2BsPbwChq37ulnJXUZaDSHFL9OGQ%3D%3D,F8 Coupe (Tributo),2022,449995,14020,NERO DAYTONA,NERO,,,Ferrari of Central New Jersey INQUIRE MORE DETAILS,,https://preowned.ferrari.com/en-US/a/north-america/used-ferrari/usa/ferrari-of-central-new-jersey/f8-tributo/IljixbcgVnJGsKsQfDGsrgA%2BzJWE1x4lWV3DPRngNwj4aGjK%2F5iEhzgWwvsatX2RuIYTFSTJ%2FhVGxkH%2BsPbwChq37ulnJXUZaDSHFL9OGQ%3D%3D,Ferrari Approved,2022 Ferrari F8 TRIBUTO
2026-10-03_1449,2026-10-03T14:49-05:00,ZFF92LLA4N0276052,F8 Coupe (Tributo),2022,620598,1688,VIOLA HONG KONG,NERO,,,Scottsdale Ferrari INQUIRE MORE DETAILS,ZFF92LLA4N0276052,https://preowned.ferrari.com/en-US/a/north-america/used-ferrari/usa/scottsdale-ferrari/f8-tributo/IljixbcgVnJGsKsQfDGsrkhFfYk%2FGgm8qTRlF8YLSKrLf3%2Bys0psw44f6lDsla8tuIYTFSTJ%2FhVAxkH%2BsPPwDx237ulnJXgabT%2BBE7xPFw%3D%3D,Ferrari Approved,2022 Ferrari F8 TRIBUTO
2026-10-03_1449,2026-10-03T14:49-05:00,https://preowned.ferrari.com/en-US/a/north-america/used-ferrari/usa/scottsdale-ferrari/f8-tributo/IljixbcgVnJGsKsQfDGsrkhFfYk%2FGgm8qTRlF8YLSKrLf3%2Bys0psw44f6lDsla8tuIYTFSTJ%2FhVAxkH%2BsPPwDx237ulnJXgabT%2BBE7xPFw%3D%3D,F8 Coupe (Tributo),2022,620598,1688,VIOLA HONG KONG,NERO,,,Scottsdale Ferrari INQUIRE MORE DETAILS,,https://preowned.ferrari.com/en-US/a/north-america/used-ferrari/usa/scottsdale-ferrari/f8-tributo/IljixbcgVnJGsKsQfDGsrkhFfYk%2FGgm8qTRlF8YLSKrLf3%2Bys0psw44f6lDsla8tuIYTFSTJ%2FhVAxkH%2BsPPwDx237ulnJXgabT%2BBE7xPFw%3D%3D,Ferrari Approved,2022 Ferrari F8 TRIBUTO
2026-10-03_1449,2026-10-03T14:49-05:00,ZFF92LLA2N0272792,F8 Coupe (Tributo),2022,440697,14615,BLU TOUR DE FRANCE,PELLE GIALLA,,,Scottsdale Ferrari INQUIRE MORE DETAILS,ZFF92LLA2N0272792,https://preowned.ferrari.com/en-US/a/north-america/used-ferrari/usa/scottsdale-ferrari/f8-tributo/IljixbcgVnJGsKsQfDGsrncF1y9lOyl%2FJa2EVGonMEX4zAdyrGbEeroWgHFfGmMTuIYTFSTJ%2FhVGxkH%2BsPf3Ax237ulnJXgabT%2BBFbdLGA%3D%3D,Ferrari Approved,2022 Ferrari F8 TRIBUTO
2026-10-03_1449,2026-10-03T14:49-05:00,https://preowned.ferrari.com/en-US/a/north-america/used-ferrari/usa/scottsdale-ferrari/f8-tributo/IljixbcgVnJGsKsQfDGsrncF1y9lOyl%2FJa2EVGonMEX4zAdyrGbEeroWgHFfGmMTuIYTFSTJ%2FhVGxkH%2BsPf3Ax237ulnJXgabT%2BBFbdLGA%3D%3D,F8 Coupe (Tributo),2022,440697,14615,BLU TOUR DE FRANCE,PELLE GIALLA,,,Scottsdale Ferrari INQUIRE MORE DETAILS,,https://preowned.ferrari.com/en-US/a/north-america/used-ferrari/usa/scottsdale-ferrari/f8-tributo/IljixbcgVnJGsKsQfDGsrncF1y9lOyl%2FJa2EVGonMEX4zAdyrGbEeroWgHFfGmMTuIYTFSTJ%2FhVGxkH%2BsPf3Ax237ulnJXgabT%2BBFbdLGA%3D%3D,Ferrari Approved,2022 Ferrari F8 TRIBUTO
2026-10-03_1449,2026-10-03T14:49-05:00,ZFF93LMAXN0274267,F8 Spider,2022,699122,3470,BLU CORSA,NERO,,,Ferrari of San Francisco INQUIRE MORE DETAILS,ZFF93LMAXN0274267,https://preowned.ferrari.com/en-US/a/north-america/used-ferrari/usa/ferrari-of-san-francisco/f8-spider/IljixbcgVnJGsKsQfDGsrjQi7WeLyk19MitIwHm%2BtYh47yB2gyV%2BJryv1QJkffR3uIYTFSXJ%2FxUsxkH%2BsPHyDBi37ulmLX0bajKGErZIEw%3D%3D,Ferrari Approved,2022 Ferrari F8 SPIDER
2026-10-03_1449,2026-10-03T14:49-05:00,https://preowned.ferrari.com/en-US/a/north-america/used-ferrari/usa/ferrari-of-san-francisco/f8-spider/IljixbcgVnJGsKsQfDGsrjQi7WeLyk19MitIwHm%2BtYh47yB2gyV%2BJryv1QJkffR3uIYTFSXJ%2FxUsxkH%2BsPHyDBi37ulmLX0bajKGErZIEw%3D%3D,F8 Spider,2022,699122,3470,BLU CORSA,NERO,,,Ferrari of San Francisco INQUIRE MORE DETAILS,,https://preowned.ferrari.com/en-US/a/north-america/used-ferrari/usa/ferrari-of-san-francisco/f8-spider/IljixbcgVnJGsKsQfDGsrjQi7WeLyk19MitIwHm%2BtYh47yB2gyV%2BJryv1QJkffR3uIYTFSXJ%2FxUsxkH%2BsPHyDBi37ulmLX0bajKGErZIEw%3D%3D,Ferrari Approved,2022 Ferrari F8 SPIDER
2026-10-03_1449,2026-10-03T14:49-05:00,ZFF93LMA9M0261637,F8 Spider,2021,581910,6140,GIALLO TRIPLO STRATO,NERO,,,Ferrari of Houston INQUIRE MORE DETAILS,ZFF93LMA9M0261637,https://preowned.ferrari.com/en-US/a/north-america/used-ferrari/usa/ferrari-of-houston/f8-spider/IljixbcgVnJGsKsQfDGsrtOAeVo%2Bdg3JejsLyPKzeLbW0nues7paF5oul3vwafXruIYTFSXJ%2FxVNxUH%2BsfT2CRi37ulmLHQcaTeEFbdKFg%3D%3D,Ferrari Approved,2021 Ferrari F8 SPIDER
2026-10-03_1449,2026-10-03T14:49-05:00,https://preowned.ferrari.com/en-US/a/north-america/used-ferrari/usa/ferrari-of-houston/f8-spider/IljixbcgVnJGsKsQfDGsrtOAeVo%2Bdg3JejsLyPKzeLbW0nues7paF5oul3vwafXruIYTFSXJ%2FxVNxUH%2BsfT2CRi37ulmLHQcaTeEFbdKFg%3D%3D,F8 Spider,2021,581910,6140,GIALLO TRIPLO STRATO,NERO,,,Ferrari of Houston INQUIRE MORE DETAILS,,https://preowned.ferrari.com/en-US/a/north-america/used-ferrari/usa/ferrari-of-houston/f8-spider/IljixbcgVnJGsKsQfDGsrtOAeVo%2Bdg3JejsLyPKzeLbW0nues7paF5oul3vwafXruIYTFSXJ%2FxVNxUH%2BsfT2CRi37ulmLHQcaTeEFbdKFg%3D%3D,Ferrari Approved,2021 Ferrari F8 SPIDER
2026-10-03_1449,2026-10-03T14:49-05:00,ZFF93LMA7M0262169,F8 Spider,2021,598685,12274,GIALLO TRIPLO STRATO,NERO,,,Ferrari of Salt Lake City INQUIRE MORE DETAILS,ZFF93LMA7M0262169,https://preowned.ferrari.com/en-US/a/north-america/used-ferrari/usa/ferrari-of-salt-lake-city/f8-spider/IljixbcgVnJGsKsQfDGsrr1zlkYffygRVV7NaD5I1CFRvgSpOJK%2BHJbELzP%2FN6kauIYTFSXJ%2FxVDxUH%2BsffxDBa37ulmLHgZYT6FErxPFw%3D%3D,Ferrari Approved,2021 Ferrari F8 SPIDER
2026-10-03_1449,2026-10-03T14:49-05:00,https://preowned.ferrari.com/en-US/a/north-america/used-ferrari/usa/ferrari-of-salt-lake-city/f8-spider/IljixbcgVnJGsKsQfDGsrr1zlkYffygRVV7NaD5I1CFRvgSpOJK%2BHJbELzP%2FN6kauIYTFSXJ%2FxVDxUH%2BsffxDBa37ulmLHgZYT6FErxPFw%3D%3D,F8 Spider,2021,598685,12274,GIALLO TRIPLO STRATO,NERO,,,Ferrari of Salt Lake City INQUIRE MORE DETAILS,,https://preowned.ferrari.com/en-US/a/north-america/used-ferrari/usa/ferrari-of-salt-lake-city/f8-spider/IljixbcgVnJGsKsQfDGsrr1zlkYffygRVV7NaD5I1CFRvgSpOJK%2BHJbELzP%2FN6kauIYTFSXJ%2FxVDxUH%2BsffxDBa37ulmLHgZYT6FErxPFw%3D%3D,Ferrari Approved,2021 Ferrari F8 SPIDER
2026-10-03_1449,2026-10-03T14:49-05:00,ZFF93LMA8M0264092,F8 Spider,2021,599990,6760,BIANCO AVUS,NERO,,,Ferrari of Greensboro INQUIRE MORE DETAILS,ZFF93LMA8M0264092,https://preowned.ferrari.com/en-US/a/north-america/used-ferrari/usa/ferrari-of-greensboro/f8-spider/IljixbcgVnJGsKsQfDGsrt6dOkaJi7zMTeXEbnf3Ww1ecIvLfPUgoi3L%2FLBseul2uIYTFSXJ%2FxVMxUH%2BsfHwAx237ulmLH4WbTOGEb5IFQ%3D%3D,Ferrari Approved,2021 Ferrari F8 SPIDER
2026-10-03_1449,2026-10-03T14:49-05:00,https://preowned.ferrari.com/en-US/a/north-america/used-ferrari/usa/ferrari-of-greensboro/f8-spider/IljixbcgVnJGsKsQfDGsrt6dOkaJi7zMTeXEbnf3Ww1ecIvLfPUgoi3L%2FLBseul2uIYTFSXJ%2FxVMxUH%2BsfHwAx237ulmLH4WbTOGEb5IFQ%3D%3D,F8 Spider,2021,599990,6760,BIANCO AVUS,NERO,,,Ferrari of Greensboro INQUIRE MORE DETAILS,,https://preowned.ferrari.com/en-US/a/north-america/used-ferrari/usa/ferrari-of-greensboro/f8-spider/IljixbcgVnJGsKsQfDGsrt6dOkaJi7zMTeXEbnf3Ww1ecIvLfPUgoi3L%2FLBseul2uIYTFSXJ%2FxVMxUH%2BsfHwAx237ulmLH4WbTOGEb5IFQ%3D%3D,Ferrari Approved,2021 Ferrari F8 SPIDER
2026-10-03_1449,2026-10-03T14:49-05:00,ZFF80AMAXJ0236282,488 GTS/Spider,2018,273076,9596,white,Unknown,Charlotte,NC,,ZFF80AMAXJ0236282,https://www.cars.com/vehicledetail/21c7ecb1-0580-4191-ac5d-bb1460404549/?sid=0dc92d45-1c63-41c5-bef4-ba71864c9fea,Cars.com,Used 2018 Ferrari 488 Spider Base
2026-10-03_1449,2026-10-03T14:49-05:00,ZFF79ALA5G0218204,488 GTB,2016,274995,27571,black,Unknown,Covington,KY,,ZFF79ALA5G0218204,https://www.cars.com/vehicledetail/20d94f9c-2620-4057-b2ee-604493ddb13d/?sid=0dc92d45-1c63-41c5-bef4-ba71864c9fea,Cars.com,Used 2016 Ferrari 488 GTB Base
2026-10-03_1449,2026-10-03T14:49-05:00,ZFF79ALA0J0235810,488 GTB,2018,279076,19970,black,Unknown,Charlotte,NC,,ZFF79ALA0J0235810,https://www.cars.com/vehicledetail/c445e530-5b1c-43f4-9a50-b532942cf253/?sid=0dc92d45-1c63-41c5-bef4-ba71864c9fea,Cars.com,Used 2018 Ferrari 488 GTB Coupe
2026-10-03_1449,2026-10-03T14:49-05:00,ZFF79ALA9H0225495,488 GTB,2017,279900,23000,white,Unknown,Dallas,TX,,ZFF79ALA9H0225495,https://www.cars.com/vehicledetail/69c06b41-9571-4e40-ad58-2ed876f8d7d1/?sid=0dc92d45-1c63-41c5-bef4-ba71864c9fea,Cars.com,Used 2017 Ferrari 488 GTB Base
2026-10-03_1449,2026-10-03T14:49-05:00,ZFF79ALA7J0229681,488 GTB,2018,280076,26383,black,Unknown,Charlotte,NC,,ZFF79ALA7J0229681,https://www.cars.com/vehicledetail/135954cc-64bd-411d-bd86-97eb1943813d/?sid=0dc92d45-1c63-41c5-bef4-ba71864c9fea,Cars.com,Used 2018 Ferrari 488 GTB Coupe
2026-10-03_1532,2026-10-03T15:32-05:00,ZFF79ALA4J0237558,488 GTB,2018,,10927,BLU ABU DHABI,TERRA BRUCIATA,,,Ferrari of Denver INQUIRE MORE DETAILS,ZFF79ALA4J0237558,https://preowned.ferrari.com/en-US/a/north-america/used-ferrari/usa/ferrari-of-denver-/488-gtb/IljixbcgVnJGsKsQfDGsrve3Zi2DMF9BWOPEWKrf8OnN9mz1Qzpt18BR9%2FU8hWheuIYTGy%2FE%2FhVAwkH%2BtPL1Dxe37ulmLHQdajaBHLlJGQ%3D%3D,Ferrari Approved,2018 Ferrari 488 GTB
2026-10-03_1532,2026-10-03T15:32-05:00,https://preowned.ferrari.com/en-US/a/north-america/used-ferrari/usa/ferrari-of-denver-/488-gtb/IljixbcgVnJGsKsQfDGsrve3Zi2DMF9BWOPEWKrf8OnN9mz1Qzpt18BR9%2FU8hWheuIYTGy%2FE%2FhVAwkH%2BtPL1Dxe37ulmLHQdajaBHLlJGQ%3D%3D,488 GTB,2018,,10927,BLU ABU DHABI,TERRA BRUCIATA,,,Ferrari of Denver INQUIRE MORE DETAILS,,https://preowned.ferrari.com/en-US/a/north-america/used-ferrari/usa/ferrari-of-denver-/488-gtb/IljixbcgVnJGsKsQfDGsrve3Zi2DMF9BWOPEWKrf8OnN9mz1Qzpt18BR9%2FU8hWheuIYTGy%2FE%2FhVAwkH%2BtPL1Dxe37ulmLHQdajaBHLlJGQ%3D%3D,Ferrari Approved,2018 Ferrari 488 GTB
2026-10-03_1532,2026-10-03T15:32-05:00,ZFF79ALA2J0229703,488 GTB,2018,343125,9109,BIANCO AVUS,NERO,,,Ferrari Dallas INQUIRE MORE DETAILS,ZFF79ALA2J0229703,https://preowned.ferrari.com/en-US/a/north-america/used-ferrari/usa/ferrari-dallas/488-gtb/IljixbcgVnJGsKsQfDGsrtEZ9saQ5umCcvK8TLH2MAB8pN1HbMHaJLcCVg3T6U4yuIYTGy%2FE%2FhVGwkH%2Btfz3Chy37ulmLHwWbTKHFr5JGQ%3D%3D,Ferrari Approved,2018 Ferrari 488 GTB
2026-10-03_1532,2026-10-03T15:32-05:00,https://preowned.ferrari.com/en-US/a/north-america/used-ferrari/usa/ferrari-dallas/488-gtb/IljixbcgVnJGsKsQfDGsrtEZ9saQ5umCcvK8TLH2MAB8pN1HbMHaJLcCVg3T6U4yuIYTGy%2FE%2FhVGwkH%2Btfz3Chy37ulmLHwWbTKHFr5JGQ%3D%3D,488 GTB,2018,343125,9109,BIANCO AVUS,NERO,,,Ferrari Dallas INQUIRE MORE DETAILS,,https://preowned.ferrari.com/en-US/a/north-america/used-ferrari/usa/ferrari-dallas/488-gtb/IljixbcgVnJGsKsQfDGsrtEZ9saQ5umCcvK8TLH2MAB8pN1HbMHaJLcCVg3T6U4yuIYTGy%2FE%2FhVGwkH%2Btfz3Chy37ulmLHwWbTKHFr5JGQ%3D%3D,Ferrari Approved,2018 Ferrari 488 GTB
2026-10-03_1532,2026-10-03T15:32-05:00,ZFF79ALA1K0245439,488 GTB,2019,401685,3943,BIANCO AVUS,NERO,,,Ferrari of Naples INQUIRE MORE DETAILS,ZFF79ALA1K0245439,https://preowned.ferrari.com/en-US/a/north-america/used-ferrari/usa/ferrari-of-naples/488-gtb/IljixbcgVnJGsKsQfDGsrua25OJzt0UKB4JTUzEHJHmgtNsiHfhBLG5UzpIA9dcmuIYTGy%2FE%2FhVFw0H%2Bs%2FD0CRa37ulnJXQXYD6HELhNEg%3D%3D,Ferrari Approved,2019 Ferrari 488 GTB
2026-10-03_1532,2026-10-03T15:32-05:00,https://preowned.ferrari.com/en-US/a/north-america/used-ferrari/usa/ferrari-of-naples/488-gtb/IljixbcgVnJGsKsQfDGsrua25OJzt0UKB4JTUzEHJHmgtNsiHfhBLG5UzpIA9dcmuIYTGy%2FE%2FhVFw0H%2Bs%2FD0CRa37ulnJXQXYD6HELhNEg%3D%3D,488 GTB,2019,401685,3943,BIANCO AVUS,NERO,,,Ferrari of Naples INQUIRE MORE DETAILS,,https://preowned.ferrari.com/en-US/a/north-america/used-ferrari/usa/ferrari-of-naples/488-gtb/IljixbcgVnJGsKsQfDGsrua25OJzt0UKB4JTUzEHJHmgtNsiHfhBLG5UzpIA9dcmuIYTGy%2FE%2FhVFw0H%2Bs%2FD0CRa37ulnJXQXYD6HELhNEg%3D%3D,Ferrari Approved,2019 Ferrari 488 GTB
2026-10-03_1532,2026-10-03T15:32-05:00,ZFF80AMA7G0219223,488 GTS/Spider,2016,429122,4455,BIANCO AVUS,NERO,,,Ferrari of San Francisco INQUIRE MORE DETAILS,ZFF80AMA7G0219223,https://preowned.ferrari.com/en-US/a/north-america/used-ferrari/usa/ferrari-of-san-francisco/488-spider/IljixbcgVnJGsKsQfDGsrmym7eSdWnjbInZlSoRzPoS0HSkgwRoxWm0tH49SrodSuIYTFCbE%2FxVDz0H%2BtvzyCBy37ulmLX0bajKBEr1JEg%3D%3D,Ferrari Approved,2016 Ferrari 488 SPIDER
2026-10-03_1532,2026-10-03T15:32-05:00,https://preowned.ferrari.com/en-US/a/north-america/used-ferrari/usa/ferrari-of-san-francisco/488-spider/IljixbcgVnJGsKsQfDGsrmym7eSdWnjbInZlSoRzPoS0HSkgwRoxWm0tH49SrodSuIYTFCbE%2FxVDz0H%2BtvzyCBy37ulmLX0bajKBEr1JEg%3D%3D,488 GTS/Spider,2016,429122,4455,BIANCO AVUS,NERO,,,Ferrari of San Francisco INQUIRE MORE DETAILS,,https://preowned.ferrari.com/en-US/a/north-america/used-ferrari/usa/ferrari-of-san-francisco/488-spider/IljixbcgVnJGsKsQfDGsrmym7eSdWnjbInZlSoRzPoS0HSkgwRoxWm0tH49SrodSuIYTFCbE%2FxVDz0H%2BtvzyCBy37ulmLX0bajKBEr1JEg%3D%3D,Ferrari Approved,2016 Ferrari 488 SPIDER
2026-10-03_1532,2026-10-03T15:32-05:00,ZFF80AMA2J0231111,488 GTS/Spider,2018,389253,21138,NERO,CUOIO,,,Ferrari of San Francisco INQUIRE MORE DETAILS,ZFF80AMA2J0231111,https://preowned.ferrari.com/en-US/a/north-america/used-ferrari/usa/ferrari-of-san-francisco/488-spider/IljixbcgVnJGsKsQfDGsrs8FN63sTTj0vHdl%2Bj5MPiv0SmbE8h1hLp%2FOZLRhQLT9uIYTFCbE%2FxVGwkH%2BtPTxCx637ulmLX0bajKHEb5IFQ%3D%3D,Ferrari Approved,2018 Ferrari 488 SPIDER
2026-10-03_1532,2026-10-03T15:32-05:00,https://preowned.ferrari.com/en-US/a/north-america/used-ferrari/usa/ferrari-of-san-francisco/488-spider/IljixbcgVnJGsKsQfDGsrs8FN63sTTj0vHdl%2Bj5MPiv0SmbE8h1hLp%2FOZLRhQLT9uIYTFCbE%2FxVGwkH%2BtPTxCx637ulmLX0bajKHEb5IFQ%3D%3D,488 GTS/Spider,2018,389253,21138,NERO,CUOIO,,,Ferrari of San Francisco INQUIRE MORE DETAILS,,https://preowned.ferrari.com/en-US/a/north-america/used-ferrari/usa/ferrari-of-san-francisco/488-spider/IljixbcgVnJGsKsQfDGsrs8FN63sTTj0vHdl%2Bj5MPiv0SmbE8h1hLp%2FOZLRhQLT9uIYTFCbE%2FxVGwkH%2BtPTxCx637ulmLX0bajKHEb5IFQ%3D%3D,Ferrari Approved,2018 Ferrari 488 SPIDER
2026-10-03_1532,2026-10-03T15:32-05:00,ZFF80AMA7K0243675,488 GTS/Spider,2019,398902,17681,BIANCO AVUS,NERO,,,Ferrari of San Francisco INQUIRE MORE DETAILS,ZFF80AMA7K0243675,https://preowned.ferrari.com/en-US/a/north-america/used-ferrari/usa/ferrari-of-san-francisco/488-spider/IljixbcgVnJGsKsQfDGsrkbi81xeyLXIcuBvDXSBhBtvztRJsCKn9xPgNm8pbmQDuIYTFCbE%2FxVDw0H%2Bs%2Fb2DRq37ulmLX0bajKHFrdKGQ%3D%3D,Ferrari Approved,2019 Ferrari 488 SPIDER
2026-10-03_1532,2026-10-03T15:32-05:00,https://preowned.ferrari.com/en-US/a/north-america/used-ferrari/usa/ferrari-of-san-francisco/488-spider/IljixbcgVnJGsKsQfDGsrkbi81xeyLXIcuBvDXSBhBtvztRJsCKn9xPgNm8pbmQDuIYTFCbE%2FxVDw0H%2Bs%2Fb2DRq37ulmLX0bajKHFrdKGQ%3D%3D,488 GTS/Spider,2019,398902,17681,BIANCO AVUS,NERO,,,Ferrari of San Francisco INQUIRE MORE DETAILS,,https://preowned.ferrari.com/en-US/a/north-america/used-ferrari/usa/ferrari-of-san-francisco/488-spider/IljixbcgVnJGsKsQfDGsrkbi81xeyLXIcuBvDXSBhBtvztRJsCKn9xPgNm8pbmQDuIYTFCbE%2FxVDw0H%2Bs%2Fb2DRq37ulmLX0bajKHFrdKGQ%3D%3D,Ferrari Approved,2019 Ferrari 488 SPIDER
2026-10-03_1532,2026-10-03T15:32-05:00,ZFF80AMA1H0223141,488 GTS/Spider,2017,399647,9725,NERO,NERO,,,Ferrari of San Francisco INQUIRE MORE DETAILS,ZFF80AMA1H0223141,https://preowned.ferrari.com/en-US/a/north-america/used-ferrari/usa/ferrari-of-san-francisco/488-spider/IljixbcgVnJGsKsQfDGsrhDNMwAbTpDX8mLZSxvls4xWQbwHhgdQHnTYyogW%2F00BuIYTFCbE%2FxVFwEH%2BtfbxDh637ulmLX0bajKHFr9NFQ%3D%3D,Ferrari Approved,2017 Ferrari 488 SPIDER
2026-10-03_1532,2026-10-03T15:32-05:00,https://preowned.ferrari.com/en-US/a/north-america/used-ferrari/usa/ferrari-of-san-francisco/488-spider/IljixbcgVnJGsKsQfDGsrhDNMwAbTpDX8mLZSxvls4xWQbwHhgdQHnTYyogW%2F00BuIYTFCbE%2FxVFwEH%2BtfbxDh637ulmLX0bajKHFr9NFQ%3D%3D,488 GTS/Spider,2017,399647,9725,NERO,NERO,,,Ferrari of San Francisco INQUIRE MORE DETAILS,,https://preowned.ferrari.com/en-US/a/north-america/used-ferrari/usa/ferrari-of-san-francisco/488-spider/IljixbcgVnJGsKsQfDGsrhDNMwAbTpDX8mLZSxvls4xWQbwHhgdQHnTYyogW%2F00BuIYTFCbE%2FxVFwEH%2BtfbxDh637ulmLX0bajKHFr9NFQ%3D%3D,Ferrari Approved,2017 Ferrari 488 SPIDER
2026-10-03_1532,2026-10-03T15:32-05:00,ZFF80AMA5J0231474,488 GTS/Spider,2018,439900,5904,BIANCO AVUS,CUOIO,,,Ferrari of Fort Lauderdale INQUIRE MORE DETAILS,ZFF80AMA5J0231474,https://preowned.ferrari.com/en-US/a/north-america/used-ferrari/usa/ferrari-of-fort-lauderdale/488-spider/IljixbcgVnJGsKsQfDGsrhf%2FHfdedY5xwt%2FG6jA0SbWRYPq7CqGBL8REzZYwQxL8uIYTFCbE%2FxVBwkH%2BtPT0DRu37ulmLHQabT6HErlGFw%3D%3D,Ferrari Approved,2018 Ferrari 488 SPIDER
2026-10-03_1532,2026-10-03T15:32-05:00,https://preowned.ferrari.com/en-US/a/north-america/used-ferrari/usa/ferrari-of-fort-lauderdale/488-spider/IljixbcgVnJGsKsQfDGsrhf%2FHfdedY5xwt%2FG6jA0SbWRYPq7CqGBL8REzZYwQxL8uIYTFCbE%2FxVBwkH%2BtPT0DRu37ulmLHQabT6HErlGFw%3D%3D,488 GTS/Spider,2018,439900,5904,BIANCO AVUS,CUOIO,,,Ferrari of Fort Lauderdale INQUIRE MORE DETAILS,,https://preowned.ferrari.com/en-US/a/north-america/used-ferrari/usa/ferrari-of-fort-lauderdale/488-spider/IljixbcgVnJGsKsQfDGsrhf%2FHfdedY5xwt%2FG6jA0SbWRYPq7CqGBL8REzZYwQxL8uIYTFCbE%2FxVBwkH%2BtPT0DRu37ulmLHQabT6HErlGFw%3D%3D,Ferrari Approved,2018 Ferrari 488 SPIDER
2026-10-03_1532,2026-10-03T15:32-05:00,ZFF80AMAXK0239653,488 GTS/Spider,2019,395125,9538,BIANCO AVUS,NERO,,,Ferrari Dallas INQUIRE MORE DETAILS,ZFF80AMAXK0239653,https://preowned.ferrari.com/en-US/a/north-america/used-ferrari/usa/ferrari-dallas/488-spider/IljixbcgVnJGsKsQfDGsrnlPWZA4L7xR78zB%2FcfKU9DPqRQVtltxLqEXed74%2FTP0uIYTFCbE%2FxUsw0H%2BtPz2Dxy37ulmLHsbazOGE7lJGQ%3D%3D,Ferrari Approved,2019 Ferrari 488 SPIDER
2026-10-03_1532,2026-10-03T15:32-05:00,https://preowned.ferrari.com/en-US/a/north-america/used-ferrari/usa/ferrari-dallas/488-spider/IljixbcgVnJGsKsQfDGsrnlPWZA4L7xR78zB%2FcfKU9DPqRQVtltxLqEXed74%2FTP0uIYTFCbE%2FxUsw0H%2BtPz2Dxy37ulmLHsbazOGE7lJGQ%3D%3D,488 GTS/Spider,2019,395125,9538,BIANCO AVUS,NERO,,,Ferrari Dallas INQUIRE MORE DETAILS,,https://preowned.ferrari.com/en-US/a/north-america/used-ferrari/usa/ferrari-dallas/488-spider/IljixbcgVnJGsKsQfDGsrnlPWZA4L7xR78zB%2FcfKU9DPqRQVtltxLqEXed74%2FTP0uIYTFCbE%2FxUsw0H%2BtPz2Dxy37ulmLHsbazOGE7lJGQ%3D%3D,Ferrari Approved,2019 Ferrari 488 SPIDER
2026-10-03_1532,2026-10-03T15:32-05:00,ZFF80AMAXJ0236802,488 GTS/Spider,2018,400689,12305,GRIGIO SILVERSTONE,CHARCOAL,,,Ferrari of Atlanta INQUIRE MORE DETAILS,ZFF80AMAXJ0236802,https://preowned.ferrari.com/en-US/a/north-america/used-ferrari/usa/ferrari-of-atlanta/488-spider/IljixbcgVnJGsKsQfDGsrv0AnMDz%2BG0uTyjL2GrRD6QLfVIvDnAZFIA9W78P7MQ5uIYTFCbE%2FxUswj7%2BtPP4Ch237ulmLHscbjSFFr9JEg%3D%3D,Ferrari Approved,2018 Ferrari 488 SPIDER
2026-10-03_1532,2026-10-03T15:32-05:00,https://preowned.ferrari.com/en-US/a/north-america/used-ferrari/usa/ferrari-of-atlanta/488-spider/IljixbcgVnJGsKsQfDGsrv0AnMDz%2BG0uTyjL2GrRD6QLfVIvDnAZFIA9W78P7MQ5uIYTFCbE%2FxUswj7%2BtPP4Ch237ulmLHscbjSFFr9JEg%3D%3D,488 GTS/Spider,2018,400689,12305,GRIGIO SILVERSTONE,CHARCOAL,,,Ferrari of Atlanta INQUIRE MORE DETAILS,,https://preowned.ferrari.com/en-US/a/north-america/used-ferrari/usa/ferrari-of-atlanta/488-spider/IljixbcgVnJGsKsQfDGsrv0AnMDz%2BG0uTyjL2GrRD6QLfVIvDnAZFIA9W78P7MQ5uIYTFCbE%2FxUswj7%2BtPP4Ch237ulmLHscbjSFFr9JEg%3D%3D,Ferrari Approved,2018 Ferrari 488 SPIDER
2026-10-03_1532,2026-10-03T15:32-05:00,ZFF80AMA2K0238156,488 GTS/Spider,2019,430983,8177,GRIGIO SILVERSTONE,CUOIO,,,Ferrari of Washington INQUIRE MORE DETAILS,ZFF80AMA2K0238156,https://preowned.ferrari.com/en-US/a/north-america/used-ferrari/usa/ferrari-of-washington-/488-spider/IljixbcgVnJGsKsQfDGsrhGIwm0rFKDNdqbY73az317uy1YimE%2BwPsJGCVWmultyuIYTFCbE%2FxVGw0H%2BtP3xDxm37ulmLHsdbTOBErlNFQ%3D%3D,Ferrari Approved,2019 Ferrari 488 SPIDER
2026-10-03_1532,2026-10-03T15:32-05:00,https://preowned.ferrari.com/en-US/a/north-america/used-ferrari/usa/ferrari-of-washington-/488-spider/IljixbcgVnJGsKsQfDGsrhGIwm0rFKDNdqbY73az317uy1YimE%2BwPsJGCVWmultyuIYTFCbE%2FxVGw0H%2BtP3xDxm37ulmLHsdbTOBErlNFQ%3D%3D,488 GTS/Spider,2019,430983,8177,GRIGIO SILVERSTONE,CUOIO,,,Ferrari of Washington INQUIRE MORE DETAILS,,https://preowned.ferrari.com/en-US/a/north-america/used-ferrari/usa/ferrari-of-washington-/488-spider/IljixbcgVnJGsKsQfDGsrhGIwm0rFKDNdqbY73az317uy1YimE%2BwPsJGCVWmultyuIYTFCbE%2FxVGw0H%2BtP3xDxm37ulmLHsdbTOBErlNFQ%3D%3D,Ferrari Approved,2019 Ferrari 488 SPIDER
2026-10-03_1532,2026-10-03T15:32-05:00,ZFF99SLA0P0295514,296 GTB,2023,329122,6072,BLU CORSA,NERO,,,Ferrari of San Francisco INQUIRE MORE DETAILS,ZFF99SLA0P0295514,https://preowned.ferrari.com/en-US/a/north-america/used-ferrari/usa/ferrari-of-san-francisco/296-gtb/IljixbcgVnJGsKsQfDGsrsw0o8rA%2BRaFJoHO4I8aLFojOWfmakH%2Br77Ob73RMdsVuIYTFS%2FW%2FhVE2EH%2BvvD1Cxu37ulmLX0bajKBHL9HEA%3D%3D,Ferrari Approved,2023 Ferrari 296 GTB
2026-10-03_1532,2026-10-03T15:32-05:00,https://preowned.ferrari.com/en-US/a/north-america/used-ferrari/usa/ferrari-of-san-francisco/296-gtb/IljixbcgVnJGsKsQfDGsrsw0o8rA%2BRaFJoHO4I8aLFojOWfmakH%2Br77Ob73RMdsVuIYTFS%2FW%2FhVE2EH%2BvvD1Cxu37ulmLX0bajKBHL9HEA%3D%3D,296 GTB,2023,329122,6072,BLU CORSA,NERO,,,Ferrari of San Francisco INQUIRE MORE DETAILS,,https://preowned.ferrari.com/en-US/a/north-america/used-ferrari/usa/ferrari-of-san-francisco/296-gtb/IljixbcgVnJGsKsQfDGsrsw0o8rA%2BRaFJoHO4I8aLFojOWfmakH%2Br77Ob73RMdsVuIYTFS%2FW%2FhVE2EH%2BvvD1Cxu37ulmLX0bajKBHL9HEA%3D%3D,Ferrari Approved,2023 Ferrari 296 GTB
2026-10-03_1532,2026-10-03T15:32-05:00,ZFF99SLA7P0296949,296 GTB,2023,,5809,BLU ELETTRICO 2020,NERO,,,Twin Cities Performance INQUIRE MORE DETAILS,ZFF99SLA7P0296949,https://preowned.ferrari.com/en-US/a/north-america/used-ferrari/usa/twin-cities-performance/296-gtb/IljixbcgVnJGsKsQfDGsrn7iKKs3e0lcvBu4suN3M7ymDRMfrkOHoJdpz8R7BiLHuIYTFS%2FW%2FhVD2EH%2BvvP5Dha37ulmLHQZaDKAF7xLFQ%3D%3D,Ferrari Approved,2023 Ferrari 296 GTB
2026-10-03_1532,2026-10-03T15:32-05:00,https://preowned.ferrari.com/en-US/a/north-america/used-ferrari/usa/twin-cities-performance/296-gtb/IljixbcgVnJGsKsQfDGsrn7iKKs3e0lcvBu4suN3M7ymDRMfrkOHoJdpz8R7BiLHuIYTFS%2FW%2FhVD2EH%2BvvP5Dha37ulmLHQZaDKAF7xLFQ%3D%3D,296 GTB,2023,,5809,BLU ELETTRICO 2020,NERO,,,Twin Cities Performance INQUIRE MORE DETAILS,,https://preowned.ferrari.com/en-US/a/north-america/used-ferrari/usa/twin-cities-performance/296-gtb/IljixbcgVnJGsKsQfDGsrn7iKKs3e0lcvBu4suN3M7ymDRMfrkOHoJdpz8R7BiLHuIYTFS%2FW%2FhVD2EH%2BvvP5Dha37ulmLHQZaDKAF7xLFQ%3D%3D,Ferrari Approved,2023 Ferrari 296 GTB
2026-10-03_1532,2026-10-03T15:32-05:00,ZFF99SLA4S0313991,296 GTB,2025,451294,662,AVORIO,CUOIO,,,The Collection INQUIRE MORE DETAILS,ZFF99SLA4S0313991,https://preowned.ferrari.com/en-US/a/north-america/used-ferrari/usa/the-collection/296-gtb/IljixbcgVnJGsKsQfDGsrmQQ9FltN8OmUXJn9kO0NaySTpUSdwSLCTu%2By9uk3mPeuIYTFS%2FW%2FhVA20H%2Ftvb5Ax637ulmLHoaaTOBEr5MEg%3D%3D,Ferrari Approved,2025 Ferrari 296 GTB
2026-10-03_1532,2026-10-03T15:32-05:00,https://preowned.ferrari.com/en-US/a/north-america/used-ferrari/usa/the-collection/296-gtb/IljixbcgVnJGsKsQfDGsrmQQ9FltN8OmUXJn9kO0NaySTpUSdwSLCTu%2By9uk3mPeuIYTFS%2FW%2FhVA20H%2Ftvb5Ax637ulmLHoaaTOBEr5MEg%3D%3D,296 GTB,2025,451294,662,AVORIO,CUOIO,,,The Collection INQUIRE MORE DETAILS,,https://preowned.ferrari.com/en-US/a/north-america/used-ferrari/usa/the-collection/296-gtb/IljixbcgVnJGsKsQfDGsrmQQ9FltN8OmUXJn9kO0NaySTpUSdwSLCTu%2By9uk3mPeuIYTFS%2FW%2FhVA20H%2Ftvb5Ax637ulmLHoaaTOBEr5MEg%3D%3D,Ferrari Approved,2025 Ferrari 296 GTB
2026-10-03_1532,2026-10-03T15:32-05:00,ZFF99SLA1P0299586,296 GTB,2023,340689,2436,BIANCO CERVINO,NERO,,,Ferrari of Palm Beach INQUIRE MORE DETAILS,ZFF99SLA1P0299586,https://preowned.ferrari.com/en-US/a/north-america/used-ferrari/usa/ferrari-of-palm-beach/296-gtb/IljixbcgVnJGsKsQfDGsrgbHFmDJ75k1kPiYmckfv%2FLNsFvA%2FAsZudFZoWzJ%2FMMruIYTFS%2FW%2FhVF2EH%2Bvvz1Ahm37ulmLH4YbjWAE75LGQ%3D%3D,Ferrari Approved,2023 Ferrari 296 GTB
2026-10-03_1532,2026-10-03T15:32-05:00,https://preowned.ferrari.com/en-US/a/north-america/used-ferrari/usa/ferrari-of-palm-beach/296-gtb/IljixbcgVnJGsKsQfDGsrgbHFmDJ75k1kPiYmckfv%2FLNsFvA%2FAsZudFZoWzJ%2FMMruIYTFS%2FW%2FhVF2EH%2Bvvz1Ahm37ulmLH4YbjWAE75LGQ%3D%3D,296 GTB,2023,340689,2436,BIANCO CERVINO,NERO,,,Ferrari of Palm Beach INQUIRE MORE DETAILS,,https://preowned.ferrari.com/en-US/a/north-america/used-ferrari/usa/ferrari-of-palm-beach/296-gtb/IljixbcgVnJGsKsQfDGsrgbHFmDJ75k1kPiYmckfv%2FLNsFvA%2FAsZudFZoWzJ%2FMMruIYTFS%2FW%2FhVF2EH%2Bvvz1Ahm37ulmLH4YbjWAE75LGQ%3D%3D,Ferrari Approved,2023 Ferrari 296 GTB
2026-10-03_1532,2026-10-03T15:32-05:00,ZFF99SLAXP0290255,296 GTB,2023,339083,2363,NERO,NERO,,,Ron Tonkin Gran Turismo INQUIRE MORE DETAILS,ZFF99SLAXP0290255,https://preowned.ferrari.com/en-US/a/north-america/used-ferrari/usa/ron-tonkin-gran-turismo/296-gtb/IljixbcgVnJGsKsQfDGsrgifVa9CeV7lOpQwdmigKqFN833MsmTN1iRU%2FzcyHXycuIYTFS%2FW%2FhUs2EH%2BvvXyDxq37ulmLH4caTeDE75NFw%3D%3D,Ferrari Approved,2023 Ferrari 296 GTB
2026-10-03_1532,2026-10-03T15:32-05:00,https://preowned.ferrari.com/en-US/a/north-america/used-ferrari/usa/ron-tonkin-gran-turismo/296-gtb/IljixbcgVnJGsKsQfDGsrgifVa9CeV7lOpQwdmigKqFN833MsmTN1iRU%2FzcyHXycuIYTFS%2FW%2FhUs2EH%2BvvXyDxq37ulmLH4caTeDE75NFw%3D%3D,296 GTB,2023,339083,2363,NERO,NERO,,,Ron Tonkin Gran Turismo INQUIRE MORE DETAILS,,https://preowned.ferrari.com/en-US/a/north-america/used-ferrari/usa/ron-tonkin-gran-turismo/296-gtb/IljixbcgVnJGsKsQfDGsrgifVa9CeV7lOpQwdmigKqFN833MsmTN1iRU%2FzcyHXycuIYTFS%2FW%2FhUs2EH%2BvvXyDxq37ulmLH4caTeDE75NFw%3D%3D,Ferrari Approved,2023 Ferrari 296 GTB
2026-10-03_1532,2026-10-03T15:32-05:00,ZFF01SMA0P0297889,296 GTS/Spider,2023,399122,3154,EXTRA SAMPLE,NERO,,,Ferrari of San Francisco INQUIRE MORE DETAILS,ZFF01SMA0P0297889,https://preowned.ferrari.com/en-US/a/north-america/used-ferrari/usa/ferrari-of-san-francisco/296-gts/IljixbcgVnJGsKsQfDGsrooCwIf7gRltsZHqimLVE4%2BeF7rspevRNEsD4VBMPNUuuIYTHCfW%2FxVE2EH%2BvvL4Aha37ulmLX0bajKHE7xGGA%3D%3D,Ferrari Approved,2023 Ferrari 296 GTS
2026-10-03_1532,2026-10-03T15:32-05:00,https://preowned.ferrari.com/en-US/a/north-america/used-ferrari/usa/ferrari-of-san-francisco/296-gts/IljixbcgVnJGsKsQfDGsrooCwIf7gRltsZHqimLVE4%2BeF7rspevRNEsD4VBMPNUuuIYTHCfW%2FxVE2EH%2BvvL4Aha37ulmLX0bajKHE7xGGA%3D%3D,296 GTS/Spider,2023,399122,3154,EXTRA SAMPLE,NERO,,,Ferrari of San Francisco INQUIRE MORE DETAILS,,https://preowned.ferrari.com/en-US/a/north-america/used-ferrari/usa/ferrari-of-san-francisco/296-gts/IljixbcgVnJGsKsQfDGsrooCwIf7gRltsZHqimLVE4%2BeF7rspevRNEsD4VBMPNUuuIYTHCfW%2FxVE2EH%2BvvL4Aha37ulmLX0bajKHE7xGGA%3D%3D,Ferrari Approved,2023 Ferrari 296 GTS
2026-10-03_1532,2026-10-03T15:32-05:00,ZFF01SMA9P0294523,296 GTS/Spider,2023,529122,876,EXTRA SAMPLE,EXTRA SAMPLE,,,Ferrari of San Francisco INQUIRE MORE DETAILS,ZFF01SMA9P0294523,https://preowned.ferrari.com/en-US/a/north-america/used-ferrari/usa/ferrari-of-san-francisco/296-gts/IljixbcgVnJGsKsQfDGsrtPwod6lK8MkJz5%2Bqg0fiVlXBybUB2nM9iwzt%2BdNY9pFuIYTHCfW%2FxVN2EH%2BvvH1CBy37ulmLX0bajKEHb1GFw%3D%3D,Ferrari Approved,2023 Ferrari 296 GTS
2026-10-03_1532,2026-10-03T15:32-05:00,https://preowned.ferrari.com/en-US/a/north-america/used-ferrari/usa/ferrari-of-san-francisco/296-gts/IljixbcgVnJGsKsQfDGsrtPwod6lK8MkJz5%2Bqg0fiVlXBybUB2nM9iwzt%2BdNY9pFuIYTHCfW%2FxVN2EH%2BvvH1CBy37ulmLX0bajKEHb1GFw%3D%3D,296 GTS/Spider,2023,529122,876,EXTRA SAMPLE,EXTRA SAMPLE,,,Ferrari of San Francisco INQUIRE MORE DETAILS,,https://preowned.ferrari.com/en-US/a/north-america/used-ferrari/usa/ferrari-of-san-francisco/296-gts/IljixbcgVnJGsKsQfDGsrtPwod6lK8MkJz5%2Bqg0fiVlXBybUB2nM9iwzt%2BdNY9pFuIYTHCfW%2FxVN2EH%2BvvH1CBy37ulmLX0bajKEHb1GFw%3D%3D,Ferrari Approved,2023 Ferrari 296 GTS
2026-10-03_1532,2026-10-03T15:32-05:00,ZFF01SMA4R0311568,296 GTS/Spider,2024,415000,3013,AZZURRO DINO,NERO,,,Ferrari of Boca Raton INQUIRE MORE DETAILS,ZFF01SMA4R0311568,https://preowned.ferrari.com/en-US/a/north-america/used-ferrari/usa/ferrari-of-boca-raton/296-gts/IljixbcgVnJGsKsQfDGsrvjA9uuaJO8%2BwKDPuasN6lbpTqqcIxnxJwRVYhcdU4mFuIYTHCfW%2FxVA2kH%2FtvT1DBe37ulmLHQWbz6BFrhLFA%3D%3D,Ferrari Approved,2024 Ferrari 296 GTS
2026-10-03_1532,2026-10-03T15:32-05:00,https://preowned.ferrari.com/en-US/a/north-america/used-ferrari/usa/ferrari-of-boca-raton/296-gts/IljixbcgVnJGsKsQfDGsrvjA9uuaJO8%2BwKDPuasN6lbpTqqcIxnxJwRVYhcdU4mFuIYTHCfW%2FxVA2kH%2FtvT1DBe37ulmLHQWbz6BFrhLFA%3D%3D,296 GTS/Spider,2024,415000,3013,AZZURRO DINO,NERO,,,Ferrari of Boca Raton INQUIRE MORE DETAILS,,https://preowned.ferrari.com/en-US/a/north-america/used-ferrari/usa/ferrari-of-boca-raton/296-gts/IljixbcgVnJGsKsQfDGsrvjA9uuaJO8%2BwKDPuasN6lbpTqqcIxnxJwRVYhcdU4mFuIYTHCfW%2FxVA2kH%2FtvT1DBe37ulmLHQWbz6BFrhLFA%3D%3D,Ferrari Approved,2024 Ferrari 296 GTS
2026-10-03_1532,2026-10-03T15:32-05:00,ZFF01SMAXS0314268,296 GTS/Spider,2025,434970,2362,BIANCO CERVINO,NERO,,,Wide World Ferrari INQUIRE MORE DETAILS,ZFF01SMAXS0314268,https://preowned.ferrari.com/en-US/a/north-america/used-ferrari/usa/wide-world-ferrari/296-gts/IljixbcgVnJGsKsQfDGsriJnTt2YIziOYf229ZCAgI%2F6MNUkIWCrbHqPlDhoihKnuIYTHCfW%2FxUs20H%2FtvHyDBe37ulmLHQbYDGDHbxHEg%3D%3D,Ferrari Approved,2025 Ferrari 296 GTS
2026-10-03_1532,2026-10-03T15:32-05:00,https://preowned.ferrari.com/en-US/a/north-america/used-ferrari/usa/wide-world-ferrari/296-gts/IljixbcgVnJGsKsQfDGsriJnTt2YIziOYf229ZCAgI%2F6MNUkIWCrbHqPlDhoihKnuIYTHCfW%2FxUs20H%2FtvHyDBe37ulmLHQbYDGDHbxHEg%3D%3D,296 GTS/Spider,2025,434970,2362,BIANCO CERVINO,NERO,,,Wide World Ferrari INQUIRE MORE DETAILS,,https://preowned.ferrari.com/en-US/a/north-america/used-ferrari/usa/wide-world-ferrari/296-gts/IljixbcgVnJGsKsQfDGsriJnTt2YIziOYf229ZCAgI%2F6MNUkIWCrbHqPlDhoihKnuIYTHCfW%2FxUs20H%2FtvHyDBe37ulmLHQbYDGDHbxHEg%3D%3D,Ferrari Approved,2025 Ferrari 296 GTS
2026-10-03_1532,2026-10-03T15:32-05:00,ZFF01SMA2R0301380,296 GTS/Spider,2024,450062,1307,BLU LE MANS,BLU LIPARI,,,Ferrari Westlake INQUIRE MORE DETAILS,ZFF01SMA2R0301380,https://preowned.ferrari.com/en-US/a/north-america/used-ferrari/usa/ferrari-westlake/296-gts/IljixbcgVnJGsKsQfDGsrvzY9%2BeqCY7Ch67A%2BB0JVGHq6q6%2BXOYVthOg67%2FDOe6JuIYTHCfW%2FxVG2kH%2Ft%2FTzAh%2B37ulmLHQfbzGGHLxHEw%3D%3D,Ferrari Approved,2024 Ferrari 296 GTS
2026-10-03_1532,2026-10-03T15:32-05:00,https://preowned.ferrari.com/en-US/a/north-america/used-ferrari/usa/ferrari-westlake/296-gts/IljixbcgVnJGsKsQfDGsrvzY9%2BeqCY7Ch67A%2BB0JVGHq6q6%2BXOYVthOg67%2FDOe6JuIYTHCfW%2FxVG2kH%2Ft%2FTzAh%2B37ulmLHQfbzGGHLxHEw%3D%3D,296 GTS/Spider,2024,450062,1307,BLU LE MANS,BLU LIPARI,,,Ferrari Westlake INQUIRE MORE DETAILS,,https://preowned.ferrari.com/en-US/a/north-america/used-ferrari/usa/ferrari-westlake/296-gts/IljixbcgVnJGsKsQfDGsrvzY9%2BeqCY7Ch67A%2BB0JVGHq6q6%2BXOYVthOg67%2FDOe6JuIYTHCfW%2FxVG2kH%2Ft%2FTzAh%2B37ulmLHQfbzGGHLxHEw%3D%3D,Ferrari Approved,2024 Ferrari 296 GTS
2026-10-03_1532,2026-10-03T15:32-05:00,ZFF01SMA2R0312170,296 GTS/Spider,2024,409000,5245,NERO STELLATO,NERO,,,Ferrari of Boca Raton INQUIRE MORE DETAILS,ZFF01SMA2R0312170,https://preowned.ferrari.com/en-US/a/north-america/used-ferrari/usa/ferrari-of-boca-raton/296-gts/IljixbcgVnJGsKsQfDGsrsiLGlDUjs0F%2FP%2F9Hue%2FMZdOi6ciCk%2BBQVFWbgcbFWyeuIYTHCfW%2FxVG2kH%2FtvfxDR%2B37ulmLHUdbzOCEbxNEw%3D%3D,Ferrari Approved,2024 Ferrari 296 GTS
2026-10-03_1532,2026-10-03T15:32-05:00,https://preowned.ferrari.com/en-US/a/north-america/used-ferrari/usa/ferrari-of-boca-raton/296-gts/IljixbcgVnJGsKsQfDGsrsiLGlDUjs0F%2FP%2F9Hue%2FMZdOi6ciCk%2BBQVFWbgcbFWyeuIYTHCfW%2FxVG2kH%2FtvfxDR%2B37ulmLHUdbzOCEbxNEw%3D%3D,296 GTS/Spider,2024,409000,5245,NERO STELLATO,NERO,,,Ferrari of Boca Raton INQUIRE MORE DETAILS,,https://preowned.ferrari.com/en-US/a/north-america/used-ferrari/usa/ferrari-of-boca-raton/296-gts/IljixbcgVnJGsKsQfDGsrsiLGlDUjs0F%2FP%2F9Hue%2FMZdOi6ciCk%2BBQVFWbgcbFWyeuIYTHCfW%2FxVG2kH%2FtvfxDR%2B37ulmLHUdbzOCEbxNEw%3D%3D,Ferrari Approved,2024 Ferrari 296 GTS
2026-10-03_1532,2026-10-03T15:32-05:00,ZFF01SMA0T0326155,296 GTS/Spider,2026,475825,714,BLU CORSA,NERO,,,Ferrari of Las Vegas INQUIRE MORE DETAILS,ZFF01SMA0T0326155,https://preowned.ferrari.com/en-US/a/north-america/used-ferrari/usa/ferrari-of-las-vegas/296-gts/IljixbcgVnJGsKsQfDGsrvloODX22hYkCNtRyyUFOR8vor9h8c7XQa5ldNSca7DxuIYTHCfW%2FxVE3EH%2FtfPxDxq37ulmLHUebzOAEr9HFg%3D%3D,Ferrari Approved,2026 Ferrari 296 GTS
2026-10-03_1532,2026-10-03T15:32-05:00,https://preowned.ferrari.com/en-US/a/north-america/used-ferrari/usa/ferrari-of-las-vegas/296-gts/IljixbcgVnJGsKsQfDGsrvloODX22hYkCNtRyyUFOR8vor9h8c7XQa5ldNSca7DxuIYTHCfW%2FxVE3EH%2FtfPxDxq37ulmLHUebzOAEr9HFg%3D%3D,296 GTS/Spider,2026,475825,714,BLU CORSA,NERO,,,Ferrari of Las Vegas INQUIRE MORE DETAILS,,https://preowned.ferrari.com/en-US/a/north-america/used-ferrari/usa/ferrari-of-las-vegas/296-gts/IljixbcgVnJGsKsQfDGsrvloODX22hYkCNtRyyUFOR8vor9h8c7XQa5ldNSca7DxuIYTHCfW%2FxVE3EH%2FtfPxDxq37ulmLHUebzOAEr9HFg%3D%3D,Ferrari Approved,2026 Ferrari 296 GTS
2026-10-03_1532,2026-10-03T15:32-05:00,ZFF01SMA5T0327186,296 GTS/Spider,2026,499900,1116,ARGENTO NURBURGRING,BLU STERLING,,,Ferrari of Long Island INQUIRE MORE DETAILS,ZFF01SMA5T0327186,https://preowned.ferrari.com/en-US/a/north-america/used-ferrari/usa/ferrari-of-long-island/296-gts/IljixbcgVnJGsKsQfDGsrociVT%2B6sRJrUAzFX5sLgHyrfx5vENxQ%2Brmk%2FWGi70ruuIYTHCfW%2FxVB3EH%2FtfLxAhm37ulmLHoWaz%2BGEbdPEQ%3D%3D,Ferrari Approved,2026 Ferrari 296 GTS
2026-10-03_1532,2026-10-03T15:32-05:00,https://preowned.ferrari.com/en-US/a/north-america/used-ferrari/usa/ferrari-of-long-island/296-gts/IljixbcgVnJGsKsQfDGsrociVT%2B6sRJrUAzFX5sLgHyrfx5vENxQ%2Brmk%2FWGi70ruuIYTHCfW%2FxVB3EH%2FtfLxAhm37ulmLHoWaz%2BGEbdPEQ%3D%3D,296 GTS/Spider,2026,499900,1116,ARGENTO NURBURGRING,BLU STERLING,,,Ferrari of Long Island INQUIRE MORE DETAILS,,https://preowned.ferrari.com/en-US/a/north-america/used-ferrari/usa/ferrari-of-long-island/296-gts/IljixbcgVnJGsKsQfDGsrociVT%2B6sRJrUAzFX5sLgHyrfx5vENxQ%2Brmk%2FWGi70ruuIYTHCfW%2FxVB3EH%2FtfLxAhm37ulmLHoWaz%2BGEbdPEQ%3D%3D,Ferrari Approved,2026 Ferrari 296 GTS
2026-10-03_1532,2026-10-03T15:32-05:00,ZFF01SMA8S0314415,296 GTS/Spider,2025,409895,589,GIALLO MODENA,NERO,,,Ferrari Central Florida INQUIRE MORE DETAILS,ZFF01SMA8S0314415,https://preowned.ferrari.com/en-US/a/north-america/used-ferrari/usa/ferrari-central-florida/296-gts/IljixbcgVnJGsKsQfDGsrqGlY0fhCPj%2FwPKQFRYzKeF%2FWlN0qBFhANQrXeWvLyy8uIYTHCfW%2FxVM20H%2FtvH0Cxq37ulmLHocazeDE79LEw%3D%3D,Ferrari Approved,2025 Ferrari 296 GTS
2026-10-03_1532,2026-10-03T15:32-05:00,https://preowned.ferrari.com/en-US/a/north-america/used-ferrari/usa/ferrari-central-florida/296-gts/IljixbcgVnJGsKsQfDGsrqGlY0fhCPj%2FwPKQFRYzKeF%2FWlN0qBFhANQrXeWvLyy8uIYTHCfW%2FxVM20H%2FtvH0Cxq37ulmLHocazeDE79LEw%3D%3D,296 GTS/Spider,2025,409895,589,GIALLO MODENA,NERO,,,Ferrari Central Florida INQUIRE MORE DETAILS,,https://preowned.ferrari.com/en-US/a/north-america/used-ferrari/usa/ferrari-central-florida/296-gts/IljixbcgVnJGsKsQfDGsrqGlY0fhCPj%2FwPKQFRYzKeF%2FWlN0qBFhANQrXeWvLyy8uIYTHCfW%2FxVM20H%2FtvH0Cxq37ulmLHocazeDE79LEw%3D%3D,Ferrari Approved,2025 Ferrari 296 GTS
2026-10-03_1532,2026-10-03T15:32-05:00,ZFF92LLA0L0253297,F8 Coupe (Tributo),2020,474980,6080,GRIGIO SILVERSTONE,NERO,,,Ferrari of Salt Lake City INQUIRE MORE DETAILS,ZFF92LLA0L0253297,https://preowned.ferrari.com/en-US/a/north-america/used-ferrari/usa/ferrari-of-salt-lake-city/f8-tributo/IljixbcgVnJGsKsQfDGsrlarVJWXAvbwpj7K%2B4Y%2F8mjxD4pwvQ6mH%2BwOI1doUvrLuIYTFSTJ%2FhVExEH%2BsvbyAxi37ulmLHQWaDOCEbZJEw%3D%3D,Ferrari Approved,2020 Ferrari F8 TRIBUTO
2026-10-03_1532,2026-10-03T15:32-05:00,https://preowned.ferrari.com/en-US/a/north-america/used-ferrari/usa/ferrari-of-salt-lake-city/f8-tributo/IljixbcgVnJGsKsQfDGsrlarVJWXAvbwpj7K%2B4Y%2F8mjxD4pwvQ6mH%2BwOI1doUvrLuIYTFSTJ%2FhVExEH%2BsvbyAxi37ulmLHQWaDOCEbZJEw%3D%3D,F8 Coupe (Tributo),2020,474980,6080,GRIGIO SILVERSTONE,NERO,,,Ferrari of Salt Lake City INQUIRE MORE DETAILS,,https://preowned.ferrari.com/en-US/a/north-america/used-ferrari/usa/ferrari-of-salt-lake-city/f8-tributo/IljixbcgVnJGsKsQfDGsrlarVJWXAvbwpj7K%2B4Y%2F8mjxD4pwvQ6mH%2BwOI1doUvrLuIYTFSTJ%2FhVExEH%2BsvbyAxi37ulmLHQWaDOCEbZJEw%3D%3D,Ferrari Approved,2020 Ferrari F8 TRIBUTO
2026-10-03_1532,2026-10-03T15:32-05:00,ZFF92LLA2N0273005,F8 Coupe (Tributo),2022,449995,14020,NERO DAYTONA,NERO,,,Ferrari of Central New Jersey INQUIRE MORE DETAILS,ZFF92LLA2N0273005,https://preowned.ferrari.com/en-US/a/north-america/used-ferrari/usa/ferrari-of-central-new-jersey/f8-tributo/IljixbcgVnJGsKsQfDGsrgA%2BzJWE1x4lWV3DPRngNwj4aGjK%2F5iEhzgWwvsatX2RuIYTFSTJ%2FhVGxkH%2BsPbwChq37ulnJXUZaDSHFL9OGQ%3D%3D,Ferrari Approved,2022 Ferrari F8 TRIBUTO
2026-10-03_1532,2026-10-03T15:32-05:00,https://preowned.ferrari.com/en-US/a/north-america/used-ferrari/usa/ferrari-of-central-new-jersey/f8-tributo/IljixbcgVnJGsKsQfDGsrgA%2BzJWE1x4lWV3DPRngNwj4aGjK%2F5iEhzgWwvsatX2RuIYTFSTJ%2FhVGxkH%2BsPbwChq37ulnJXUZaDSHFL9OGQ%3D%3D,F8 Coupe (Tributo),2022,449995,14020,NERO DAYTONA,NERO,,,Ferrari of Central New Jersey INQUIRE MORE DETAILS,,https://preowned.ferrari.com/en-US/a/north-america/used-ferrari/usa/ferrari-of-central-new-jersey/f8-tributo/IljixbcgVnJGsKsQfDGsrgA%2BzJWE1x4lWV3DPRngNwj4aGjK%2F5iEhzgWwvsatX2RuIYTFSTJ%2FhVGxkH%2BsPbwChq37ulnJXUZaDSHFL9OGQ%3D%3D,Ferrari Approved,2022 Ferrari F8 TRIBUTO
2026-10-03_1532,2026-10-03T15:32-05:00,ZFF92LLA4N0276052,F8 Coupe (Tributo),2022,620598,1688,VIOLA HONG KONG,NERO,,,Scottsdale Ferrari INQUIRE MORE DETAILS,ZFF92LLA4N0276052,https://preowned.ferrari.com/en-US/a/north-america/used-ferrari/usa/scottsdale-ferrari/f8-tributo/IljixbcgVnJGsKsQfDGsrkhFfYk%2FGgm8qTRlF8YLSKrLf3%2Bys0psw44f6lDsla8tuIYTFSTJ%2FhVAxkH%2BsPPwDx237ulnJXgabT%2BBE7xPFw%3D%3D,Ferrari Approved,2022 Ferrari F8 TRIBUTO
2026-10-03_1532,2026-10-03T15:32-05:00,https://preowned.ferrari.com/en-US/a/north-america/used-ferrari/usa/scottsdale-ferrari/f8-tributo/IljixbcgVnJGsKsQfDGsrkhFfYk%2FGgm8qTRlF8YLSKrLf3%2Bys0psw44f6lDsla8tuIYTFSTJ%2FhVAxkH%2BsPPwDx237ulnJXgabT%2BBE7xPFw%3D%3D,F8 Coupe (Tributo),2022,620598,1688,VIOLA HONG KONG,NERO,,,Scottsdale Ferrari INQUIRE MORE DETAILS,,https://preowned.ferrari.com/en-US/a/north-america/used-ferrari/usa/scottsdale-ferrari/f8-tributo/IljixbcgVnJGsKsQfDGsrkhFfYk%2FGgm8qTRlF8YLSKrLf3%2Bys0psw44f6lDsla8tuIYTFSTJ%2FhVAxkH%2BsPPwDx237ulnJXgabT%2BBE7xPFw%3D%3D,Ferrari Approved,2022 Ferrari F8 TRIBUTO
2026-10-03_1532,2026-10-03T15:32-05:00,ZFF92LLA2N0272792,F8 Coupe (Tributo),2022,440697,14615,BLU TOUR DE FRANCE,PELLE GIALLA,,,Scottsdale Ferrari INQUIRE MORE DETAILS,ZFF92LLA2N0272792,https://preowned.ferrari.com/en-US/a/north-america/used-ferrari/usa/scottsdale-ferrari/f8-tributo/IljixbcgVnJGsKsQfDGsrncF1y9lOyl%2FJa2EVGonMEX4zAdyrGbEeroWgHFfGmMTuIYTFSTJ%2FhVGxkH%2BsPf3Ax237ulnJXgabT%2BBFbdLGA%3D%3D,Ferrari Approved,2022 Ferrari F8 TRIBUTO
2026-10-03_1532,2026-10-03T15:32-05:00,https://preowned.ferrari.com/en-US/a/north-america/used-ferrari/usa/scottsdale-ferrari/f8-tributo/IljixbcgVnJGsKsQfDGsrncF1y9lOyl%2FJa2EVGonMEX4zAdyrGbEeroWgHFfGmMTuIYTFSTJ%2FhVGxkH%2BsPf3Ax237ulnJXgabT%2BBFbdLGA%3D%3D,F8 Coupe (Tributo),2022,440697,14615,BLU TOUR DE FRANCE,PELLE GIALLA,,,Scottsdale Ferrari INQUIRE MORE DETAILS,,https://preowned.ferrari.com/en-US/a/north-america/used-ferrari/usa/scottsdale-ferrari/f8-tributo/IljixbcgVnJGsKsQfDGsrncF1y9lOyl%2FJa2EVGonMEX4zAdyrGbEeroWgHFfGmMTuIYTFSTJ%2FhVGxkH%2BsPf3Ax237ulnJXgabT%2BBFbdLGA%3D%3D,Ferrari Approved,2022 Ferrari F8 TRIBUTO
2026-10-03_1532,2026-10-03T15:32-05:00,ZFF93LMAXN0274267,F8 Spider,2022,699122,3470,BLU CORSA,NERO,,,Ferrari of San Francisco INQUIRE MORE DETAILS,ZFF93LMAXN0274267,https://preowned.ferrari.com/en-US/a/north-america/used-ferrari/usa/ferrari-of-san-francisco/f8-spider/IljixbcgVnJGsKsQfDGsrjQi7WeLyk19MitIwHm%2BtYh47yB2gyV%2BJryv1QJkffR3uIYTFSXJ%2FxUsxkH%2BsPHyDBi37ulmLX0bajKGErZIEw%3D%3D,Ferrari Approved,2022 Ferrari F8 SPIDER
2026-10-03_1532,2026-10-03T15:32-05:00,https://preowned.ferrari.com/en-US/a/north-america/used-ferrari/usa/ferrari-of-san-francisco/f8-spider/IljixbcgVnJGsKsQfDGsrjQi7WeLyk19MitIwHm%2BtYh47yB2gyV%2BJryv1QJkffR3uIYTFSXJ%2FxUsxkH%2BsPHyDBi37ulmLX0bajKGErZIEw%3D%3D,F8 Spider,2022,699122,3470,BLU CORSA,NERO,,,Ferrari of San Francisco INQUIRE MORE DETAILS,,https://preowned.ferrari.com/en-US/a/north-america/used-ferrari/usa/ferrari-of-san-francisco/f8-spider/IljixbcgVnJGsKsQfDGsrjQi7WeLyk19MitIwHm%2BtYh47yB2gyV%2BJryv1QJkffR3uIYTFSXJ%2FxUsxkH%2BsPHyDBi37ulmLX0bajKGErZIEw%3D%3D,Ferrari Approved,2022 Ferrari F8 SPIDER
2026-10-03_1532,2026-10-03T15:32-05:00,ZFF93LMA9M0261637,F8 Spider,2021,581910,6140,GIALLO TRIPLO STRATO,NERO,,,Ferrari of Houston INQUIRE MORE DETAILS,ZFF93LMA9M0261637,https://preowned.ferrari.com/en-US/a/north-america/used-ferrari/usa/ferrari-of-houston/f8-spider/IljixbcgVnJGsKsQfDGsrtOAeVo%2Bdg3JejsLyPKzeLbW0nues7paF5oul3vwafXruIYTFSXJ%2FxVNxUH%2BsfT2CRi37ulmLHQcaTeEFbdKFg%3D%3D,Ferrari Approved,2021 Ferrari F8 SPIDER
2026-10-03_1532,2026-10-03T15:32-05:00,https://preowned.ferrari.com/en-US/a/north-america/used-ferrari/usa/ferrari-of-houston/f8-spider/IljixbcgVnJGsKsQfDGsrtOAeVo%2Bdg3JejsLyPKzeLbW0nues7paF5oul3vwafXruIYTFSXJ%2FxVNxUH%2BsfT2CRi37ulmLHQcaTeEFbdKFg%3D%3D,F8 Spider,2021,581910,6140,GIALLO TRIPLO STRATO,NERO,,,Ferrari of Houston INQUIRE MORE DETAILS,,https://preowned.ferrari.com/en-US/a/north-america/used-ferrari/usa/ferrari-of-houston/f8-spider/IljixbcgVnJGsKsQfDGsrtOAeVo%2Bdg3JejsLyPKzeLbW0nues7paF5oul3vwafXruIYTFSXJ%2FxVNxUH%2BsfT2CRi37ulmLHQcaTeEFbdKFg%3D%3D,Ferrari Approved,2021 Ferrari F8 SPIDER
2026-10-03_1532,2026-10-03T15:32-05:00,ZFF93LMA7M0262169,F8 Spider,2021,598685,12274,GIALLO TRIPLO STRATO,NERO,,,Ferrari of Salt Lake City INQUIRE MORE DETAILS,ZFF93LMA7M0262169,https://preowned.ferrari.com/en-US/a/north-america/used-ferrari/usa/ferrari-of-salt-lake-city/f8-spider/IljixbcgVnJGsKsQfDGsrr1zlkYffygRVV7NaD5I1CFRvgSpOJK%2BHJbELzP%2FN6kauIYTFSXJ%2FxVDxUH%2BsffxDBa37ulmLHgZYT6FErxPFw%3D%3D,Ferrari Approved,2021 Ferrari F8 SPIDER
2026-10-03_1532,2026-10-03T15:32-05:00,https://preowned.ferrari.com/en-US/a/north-america/used-ferrari/usa/ferrari-of-salt-lake-city/f8-spider/IljixbcgVnJGsKsQfDGsrr1zlkYffygRVV7NaD5I1CFRvgSpOJK%2BHJbELzP%2FN6kauIYTFSXJ%2FxVDxUH%2BsffxDBa37ulmLHgZYT6FErxPFw%3D%3D,F8 Spider,2021,598685,12274,GIALLO TRIPLO STRATO,NERO,,,Ferrari of Salt Lake City INQUIRE MORE DETAILS,,https://preowned.ferrari.com/en-US/a/north-america/used-ferrari/usa/ferrari-of-salt-lake-city/f8-spider/IljixbcgVnJGsKsQfDGsrr1zlkYffygRVV7NaD5I1CFRvgSpOJK%2BHJbELzP%2FN6kauIYTFSXJ%2FxVDxUH%2BsffxDBa37ulmLHgZYT6FErxPFw%3D%3D,Ferrari Approved,2021 Ferrari F8 SPIDER
2026-10-03_1532,2026-10-03T15:32-05:00,ZFF93LMA8M0264092,F8 Spider,2021,599990,6760,BIANCO AVUS,NERO,,,Ferrari of Greensboro INQUIRE MORE DETAILS,ZFF93LMA8M0264092,https://preowned.ferrari.com/en-US/a/north-america/used-ferrari/usa/ferrari-of-greensboro/f8-spider/IljixbcgVnJGsKsQfDGsrt6dOkaJi7zMTeXEbnf3Ww1ecIvLfPUgoi3L%2FLBseul2uIYTFSXJ%2FxVMxUH%2BsfHwAx237ulmLH4WbTOGEb5IFQ%3D%3D,Ferrari Approved,2021 Ferrari F8 SPIDER
2026-10-03_1532,2026-10-03T15:32-05:00,https://preowned.ferrari.com/en-US/a/north-america/used-ferrari/usa/ferrari-of-greensboro/f8-spider/IljixbcgVnJGsKsQfDGsrt6dOkaJi7zMTeXEbnf3Ww1ecIvLfPUgoi3L%2FLBseul2uIYTFSXJ%2FxVMxUH%2BsfHwAx237ulmLH4WbTOGEb5IFQ%3D%3D,F8 Spider,2021,599990,6760,BIANCO AVUS,NERO,,,Ferrari of Greensboro INQUIRE MORE DETAILS,,https://preowned.ferrari.com/en-US/a/north-america/used-ferrari/usa/ferrari-of-greensboro/f8-spider/IljixbcgVnJGsKsQfDGsrt6dOkaJi7zMTeXEbnf3Ww1ecIvLfPUgoi3L%2FLBseul2uIYTFSXJ%2FxVMxUH%2BsfHwAx237ulmLH4WbTOGEb5IFQ%3D%3D,Ferrari Approved,2021 Ferrari F8 SPIDER
2026-10-03_PM,2026-10-03T17:00-05:00,ZFF79ALA4J0237558,488 GTB,2018,,10927,BLU ABU DHABI,TERRA BRUCIATA,,,Ferrari of Denver INQUIRE MORE DETAILS,ZFF79ALA4J0237558,https://preowned.ferrari.com/en-US/a/north-america/used-ferrari/usa/ferrari-of-denver-/488-gtb/IljixbcgVnJGsKsQfDGsrve3Zi2DMF9BWOPEWKrf8OnN9mz1Qzpt18BR9%2FU8hWheuIYTGy%2FE%2FhVAwkH%2BtPL1Dxe37ulmLHQdajaBHLlJGQ%3D%3D,Ferrari Approved,2018 Ferrari 488 GTB
2026-10-03_PM,2026-10-03T17:00-05:00,https://preowned.ferrari.com/en-US/a/north-america/used-ferrari/usa/ferrari-of-denver-/488-gtb/IljixbcgVnJGsKsQfDGsrve3Zi2DMF9BWOPEWKrf8OnN9mz1Qzpt18BR9%2FU8hWheuIYTGy%2FE%2FhVAwkH%2BtPL1Dxe37ulmLHQdajaBHLlJGQ%3D%3D,488 GTB,2018,,10927,BLU ABU DHABI,TERRA BRUCIATA,,,Ferrari of Denver INQUIRE MORE DETAILS,,https://preowned.ferrari.com/en-US/a/north-america/used-ferrari/usa/ferrari-of-denver-/488-gtb/IljixbcgVnJGsKsQfDGsrve3Zi2DMF9BWOPEWKrf8OnN9mz1Qzpt18BR9%2FU8hWheuIYTGy%2FE%2FhVAwkH%2BtPL1Dxe37ulmLHQdajaBHLlJGQ%3D%3D,Ferrari Approved,2018 Ferrari 488 GTB
2026-10-03_PM,2026-10-03T17:00-05:00,ZFF79ALA2J0229703,488 GTB,2018,343125,9109,BIANCO AVUS,NERO,,,Ferrari Dallas INQUIRE MORE DETAILS,ZFF79ALA2J0229703,https://preowned.ferrari.com/en-US/a/north-america/used-ferrari/usa/ferrari-dallas/488-gtb/IljixbcgVnJGsKsQfDGsrtEZ9saQ5umCcvK8TLH2MAB8pN1HbMHaJLcCVg3T6U4yuIYTGy%2FE%2FhVGwkH%2Btfz3Chy37ulmLHwWbTKHFr5JGQ%3D%3D,Ferrari Approved,2018 Ferrari 488 GTB
2026-10-03_PM,2026-10-03T17:00-05:00,https://preowned.ferrari.com/en-US/a/north-america/used-ferrari/usa/ferrari-dallas/488-gtb/IljixbcgVnJGsKsQfDGsrtEZ9saQ5umCcvK8TLH2MAB8pN1HbMHaJLcCVg3T6U4yuIYTGy%2FE%2FhVGwkH%2Btfz3Chy37ulmLHwWbTKHFr5JGQ%3D%3D,488 GTB,2018,343125,9109,BIANCO AVUS,NERO,,,Ferrari Dallas INQUIRE MORE DETAILS,,https://preowned.ferrari.com/en-US/a/north-america/used-ferrari/usa/ferrari-dallas/488-gtb/IljixbcgVnJGsKsQfDGsrtEZ9saQ5umCcvK8TLH2MAB8pN1HbMHaJLcCVg3T6U4yuIYTGy%2FE%2FhVGwkH%2Btfz3Chy37ulmLHwWbTKHFr5JGQ%3D%3D,Ferrari Approved,2018 Ferrari 488 GTB
2026-10-03_PM,2026-10-03T17:00-05:00,ZFF79ALA1K0245439,488 GTB,2019,401685,3943,BIANCO AVUS,NERO,,,Ferrari of Naples INQUIRE MORE DETAILS,ZFF79ALA1K0245439,https://preowned.ferrari.com/en-US/a/north-america/used-ferrari/usa/ferrari-of-naples/488-gtb/IljixbcgVnJGsKsQfDGsrua25OJzt0UKB4JTUzEHJHmgtNsiHfhBLG5UzpIA9dcmuIYTGy%2FE%2FhVFw0H%2Bs%2FD0CRa37ulnJXQXYD6HELhNEg%3D%3D,Ferrari Approved,2019 Ferrari 488 GTB
2026-10-03_PM,2026-10-03T17:00-05:00,https://preowned.ferrari.com/en-US/a/north-america/used-ferrari/usa/ferrari-of-naples/488-gtb/IljixbcgVnJGsKsQfDGsrua25OJzt0UKB4JTUzEHJHmgtNsiHfhBLG5UzpIA9dcmuIYTGy%2FE%2FhVFw0H%2Bs%2FD0CRa37ulnJXQXYD6HELhNEg%3D%3D,488 GTB,2019,401685,3943,BIANCO AVUS,NERO,,,Ferrari of Naples INQUIRE MORE DETAILS,,https://preowned.ferrari.com/en-US/a/north-america/used-ferrari/usa/ferrari-of-naples/488-gtb/IljixbcgVnJGsKsQfDGsrua25OJzt0UKB4JTUzEHJHmgtNsiHfhBLG5UzpIA9dcmuIYTGy%2FE%2FhVFw0H%2Bs%2FD0CRa37ulnJXQXYD6HELhNEg%3D%3D,Ferrari Approved,2019 Ferrari 488 GTB
2026-10-03_PM,2026-10-03T17:00-05:00,ZFF80AMA7G0219223,488 GTS/Spider,2016,429122,4455,BIANCO AVUS,NERO,,,Ferrari of San Francisco INQUIRE MORE DETAILS,ZFF80AMA7G0219223,https://preowned.ferrari.com/en-US/a/north-america/used-ferrari/usa/ferrari-of-san-francisco/488-spider/IljixbcgVnJGsKsQfDGsrmym7eSdWnjbInZlSoRzPoS0HSkgwRoxWm0tH49SrodSuIYTFCbE%2FxVDz0H%2BtvzyCBy37ulmLX0bajKBEr1JEg%3D%3D,Ferrari Approved,2016 Ferrari 488 SPIDER
2026-10-03_PM,2026-10-03T17:00-05:00,https://preowned.ferrari.com/en-US/a/north-america/used-ferrari/usa/ferrari-of-san-francisco/488-spider/IljixbcgVnJGsKsQfDGsrmym7eSdWnjbInZlSoRzPoS0HSkgwRoxWm0tH49SrodSuIYTFCbE%2FxVDz0H%2BtvzyCBy37ulmLX0bajKBEr1JEg%3D%3D,488 GTS/Spider,2016,429122,4455,BIANCO AVUS,NERO,,,Ferrari of San Francisco INQUIRE MORE DETAILS,,https://preowned.ferrari.com/en-US/a/north-america/used-ferrari/usa/ferrari-of-san-francisco/488-spider/IljixbcgVnJGsKsQfDGsrmym7eSdWnjbInZlSoRzPoS0HSkgwRoxWm0tH49SrodSuIYTFCbE%2FxVDz0H%2BtvzyCBy37ulmLX0bajKBEr1JEg%3D%3D,Ferrari Approved,2016 Ferrari 488 SPIDER
2026-10-03_PM,2026-10-03T17:00-05:00,ZFF80AMA2J0231111,488 GTS/Spider,2018,389253,21138,NERO,CUOIO,,,Ferrari of San Francisco INQUIRE MORE DETAILS,ZFF80AMA2J0231111,https://preowned.ferrari.com/en-US/a/north-america/used-ferrari/usa/ferrari-of-san-francisco/488-spider/IljixbcgVnJGsKsQfDGsrs8FN63sTTj0vHdl%2Bj5MPiv0SmbE8h1hLp%2FOZLRhQLT9uIYTFCbE%2FxVGwkH%2BtPTxCx637ulmLX0bajKHEb5IFQ%3D%3D,Ferrari Approved,2018 Ferrari 488 SPIDER
2026-10-03_PM,2026-10-03T17:00-05:00,https://preowned.ferrari.com/en-US/a/north-america/used-ferrari/usa/ferrari-of-san-francisco/488-spider/IljixbcgVnJGsKsQfDGsrs8FN63sTTj0vHdl%2Bj5MPiv0SmbE8h1hLp%2FOZLRhQLT9uIYTFCbE%2FxVGwkH%2BtPTxCx637ulmLX0bajKHEb5IFQ%3D%3D,488 GTS/Spider,2018,389253,21138,NERO,CUOIO,,,Ferrari of San Francisco INQUIRE MORE DETAILS,,https://preowned.ferrari.com/en-US/a/north-america/used-ferrari/usa/ferrari-of-san-francisco/488-spider/IljixbcgVnJGsKsQfDGsrs8FN63sTTj0vHdl%2Bj5MPiv0SmbE8h1hLp%2FOZLRhQLT9uIYTFCbE%2FxVGwkH%2BtPTxCx637ulmLX0bajKHEb5IFQ%3D%3D,Ferrari Approved,2018 Ferrari 488 SPIDER
2026-10-03_PM,2026-10-03T17:00-05:00,ZFF80AMA7K0243675,488 GTS/Spider,2019,398902,17681,BIANCO AVUS,NERO,,,Ferrari of San Francisco INQUIRE MORE DETAILS,ZFF80AMA7K0243675,https://preowned.ferrari.com/en-US/a/north-america/used-ferrari/usa/ferrari-of-san-francisco/488-spider/IljixbcgVnJGsKsQfDGsrkbi81xeyLXIcuBvDXSBhBtvztRJsCKn9xPgNm8pbmQDuIYTFCbE%2FxVDw0H%2Bs%2Fb2DRq37ulmLX0bajKHFrdKGQ%3D%3D,Ferrari Approved,2019 Ferrari 488 SPIDER
2026-10-03_PM,2026-10-03T17:00-05:00,https://preowned.ferrari.com/en-US/a/north-america/used-ferrari/usa/ferrari-of-san-francisco/488-spider/IljixbcgVnJGsKsQfDGsrkbi81xeyLXIcuBvDXSBhBtvztRJsCKn9xPgNm8pbmQDuIYTFCbE%2FxVDw0H%2Bs%2Fb2DRq37ulmLX0bajKHFrdKGQ%3D%3D,488 GTS/Spider,2019,398902,17681,BIANCO AVUS,NERO,,,Ferrari of San Francisco INQUIRE MORE DETAILS,,https://preowned.ferrari.com/en-US/a/north-america/used-ferrari/usa/ferrari-of-san-francisco/488-spider/IljixbcgVnJGsKsQfDGsrkbi81xeyLXIcuBvDXSBhBtvztRJsCKn9xPgNm8pbmQDuIYTFCbE%2FxVDw0H%2Bs%2Fb2DRq37ulmLX0bajKHFrdKGQ%3D%3D,Ferrari Approved,2019 Ferrari 488 SPIDER
2026-10-03_PM,2026-10-03T17:00-05:00,ZFF80AMA1H0223141,488 GTS/Spider,2017,399647,9725,NERO,NERO,,,Ferrari of San Francisco INQUIRE MORE DETAILS,ZFF80AMA1H0223141,https://preowned.ferrari.com/en-US/a/north-america/used-ferrari/usa/ferrari-of-san-francisco/488-spider/IljixbcgVnJGsKsQfDGsrhDNMwAbTpDX8mLZSxvls4xWQbwHhgdQHnTYyogW%2F00BuIYTFCbE%2FxVFwEH%2BtfbxDh637ulmLX0bajKHFr9NFQ%3D%3D,Ferrari Approved,2017 Ferrari 488 SPIDER
2026-10-03_PM,2026-10-03T17:00-05:00,https://preowned.ferrari.com/en-US/a/north-america/used-ferrari/usa/ferrari-of-san-francisco/488-spider/IljixbcgVnJGsKsQfDGsrhDNMwAbTpDX8mLZSxvls4xWQbwHhgdQHnTYyogW%2F00BuIYTFCbE%2FxVFwEH%2BtfbxDh637ulmLX0bajKHFr9NFQ%3D%3D,488 GTS/Spider,2017,399647,9725,NERO,NERO,,,Ferrari of San Francisco INQUIRE MORE DETAILS,,https://preowned.ferrari.com/en-US/a/north-america/used-ferrari/usa/ferrari-of-san-francisco/488-spider/IljixbcgVnJGsKsQfDGsrhDNMwAbTpDX8mLZSxvls4xWQbwHhgdQHnTYyogW%2F00BuIYTFCbE%2FxVFwEH%2BtfbxDh637ulmLX0bajKHFr9NFQ%3D%3D,Ferrari Approved,2017 Ferrari 488 SPIDER
2026-10-03_PM,2026-10-03T17:00-05:00,ZFF80AMA5J0231474,488 GTS/Spider,2018,439900,5904,BIANCO AVUS,CUOIO,,,Ferrari of Fort Lauderdale INQUIRE MORE DETAILS,ZFF80AMA5J0231474,https://preowned.ferrari.com/en-US/a/north-america/used-ferrari/usa/ferrari-of-fort-lauderdale/488-spider/IljixbcgVnJGsKsQfDGsrhf%2FHfdedY5xwt%2FG6jA0SbWRYPq7CqGBL8REzZYwQxL8uIYTFCbE%2FxVBwkH%2BtPT0DRu37ulmLHQabT6HErlGFw%3D%3D,Ferrari Approved,2018 Ferrari 488 SPIDER
2026-10-03_PM,2026-10-03T17:00-05:00,https://preowned.ferrari.com/en-US/a/north-america/used-ferrari/usa/ferrari-of-fort-lauderdale/488-spider/IljixbcgVnJGsKsQfDGsrhf%2FHfdedY5xwt%2FG6jA0SbWRYPq7CqGBL8REzZYwQxL8uIYTFCbE%2FxVBwkH%2BtPT0DRu37ulmLHQabT6HErlGFw%3D%3D,488 GTS/Spider,2018,439900,5904,BIANCO AVUS,CUOIO,,,Ferrari of Fort Lauderdale INQUIRE MORE DETAILS,,https://preowned.ferrari.com/en-US/a/north-america/used-ferrari/usa/ferrari-of-fort-lauderdale/488-spider/IljixbcgVnJGsKsQfDGsrhf%2FHfdedY5xwt%2FG6jA0SbWRYPq7CqGBL8REzZYwQxL8uIYTFCbE%2FxVBwkH%2BtPT0DRu37ulmLHQabT6HErlGFw%3D%3D,Ferrari Approved,2018 Ferrari 488 SPIDER
2026-10-03_PM,2026-10-03T17:00-05:00,ZFF80AMAXK0239653,488 GTS/Spider,2019,395125,9538,BIANCO AVUS,NERO,,,Ferrari Dallas INQUIRE MORE DETAILS,ZFF80AMAXK0239653,https://preowned.ferrari.com/en-US/a/north-america/used-ferrari/usa/ferrari-dallas/488-spider/IljixbcgVnJGsKsQfDGsrnlPWZA4L7xR78zB%2FcfKU9DPqRQVtltxLqEXed74%2FTP0uIYTFCbE%2FxUsw0H%2BtPz2Dxy37ulmLHsbazOGE7lJGQ%3D%3D,Ferrari Approved,2019 Ferrari 488 SPIDER
2026-10-03_PM,2026-10-03T17:00-05:00,https://preowned.ferrari.com/en-US/a/north-america/used-ferrari/usa/ferrari-dallas/488-spider/IljixbcgVnJGsKsQfDGsrnlPWZA4L7xR78zB%2FcfKU9DPqRQVtltxLqEXed74%2FTP0uIYTFCbE%2FxUsw0H%2BtPz2Dxy37ulmLHsbazOGE7lJGQ%3D%3D,488 GTS/Spider,2019,395125,9538,BIANCO AVUS,NERO,,,Ferrari Dallas INQUIRE MORE DETAILS,,https://preowned.ferrari.com/en-US/a/north-america/used-ferrari/usa/ferrari-dallas/488-spider/IljixbcgVnJGsKsQfDGsrnlPWZA4L7xR78zB%2FcfKU9DPqRQVtltxLqEXed74%2FTP0uIYTFCbE%2FxUsw0H%2BtPz2Dxy37ulmLHsbazOGE7lJGQ%3D%3D,Ferrari Approved,2019 Ferrari 488 SPIDER
2026-10-03_PM,2026-10-03T17:00-05:00,ZFF80AMAXJ0236802,488 GTS/Spider,2018,400689,12305,GRIGIO SILVERSTONE,CHARCOAL,,,Ferrari of Atlanta INQUIRE MORE DETAILS,ZFF80AMAXJ0236802,https://preowned.ferrari.com/en-US/a/north-america/used-ferrari/usa/ferrari-of-atlanta/488-spider/IljixbcgVnJGsKsQfDGsrv0AnMDz%2BG0uTyjL2GrRD6QLfVIvDnAZFIA9W78P7MQ5uIYTFCbE%2FxUswj7%2BtPP4Ch237ulmLHscbjSFFr9JEg%3D%3D,Ferrari Approved,2018 Ferrari 488 SPIDER
2026-10-03_PM,2026-10-03T17:00-05:00,https://preowned.ferrari.com/en-US/a/north-america/used-ferrari/usa/ferrari-of-atlanta/488-spider/IljixbcgVnJGsKsQfDGsrv0AnMDz%2BG0uTyjL2GrRD6QLfVIvDnAZFIA9W78P7MQ5uIYTFCbE%2FxUswj7%2BtPP4Ch237ulmLHscbjSFFr9JEg%3D%3D,488 GTS/Spider,2018,400689,12305,GRIGIO SILVERSTONE,CHARCOAL,,,Ferrari of Atlanta INQUIRE MORE DETAILS,,https://preowned.ferrari.com/en-US/a/north-america/used-ferrari/usa/ferrari-of-atlanta/488-spider/IljixbcgVnJGsKsQfDGsrv0AnMDz%2BG0uTyjL2GrRD6QLfVIvDnAZFIA9W78P7MQ5uIYTFCbE%2FxUswj7%2BtPP4Ch237ulmLHscbjSFFr9JEg%3D%3D,Ferrari Approved,2018 Ferrari 488 SPIDER
2026-10-03_PM,2026-10-03T17:00-05:00,ZFF80AMA2K0238156,488 GTS/Spider,2019,430983,8177,GRIGIO SILVERSTONE,CUOIO,,,Ferrari of Washington INQUIRE MORE DETAILS,ZFF80AMA2K0238156,https://preowned.ferrari.com/en-US/a/north-america/used-ferrari/usa/ferrari-of-washington-/488-spider/IljixbcgVnJGsKsQfDGsrhGIwm0rFKDNdqbY73az317uy1YimE%2BwPsJGCVWmultyuIYTFCbE%2FxVGw0H%2BtP3xDxm37ulmLHsdbTOBErlNFQ%3D%3D,Ferrari Approved,2019 Ferrari 488 SPIDER
2026-10-03_PM,2026-10-03T17:00-05:00,https://preowned.ferrari.com/en-US/a/north-america/used-ferrari/usa/ferrari-of-washington-/488-spider/IljixbcgVnJGsKsQfDGsrhGIwm0rFKDNdqbY73az317uy1YimE%2BwPsJGCVWmultyuIYTFCbE%2FxVGw0H%2BtP3xDxm37ulmLHsdbTOBErlNFQ%3D%3D,488 GTS/Spider,2019,430983,8177,GRIGIO SILVERSTONE,CUOIO,,,Ferrari of Washington INQUIRE MORE DETAILS,,https://preowned.ferrari.com/en-US/a/north-america/used-ferrari/usa/ferrari-of-washington-/488-spider/IljixbcgVnJGsKsQfDGsrhGIwm0rFKDNdqbY73az317uy1YimE%2BwPsJGCVWmultyuIYTFCbE%2FxVGw0H%2BtP3xDxm37ulmLHsdbTOBErlNFQ%3D%3D,Ferrari Approved,2019 Ferrari 488 SPIDER
2026-10-03_PM,2026-10-03T17:00-05:00,ZFF99SLA0P0295514,296 GTB,2023,329122,6072,BLU CORSA,NERO,,,Ferrari of San Francisco INQUIRE MORE DETAILS,ZFF99SLA0P0295514,https://preowned.ferrari.com/en-US/a/north-america/used-ferrari/usa/ferrari-of-san-francisco/296-gtb/IljixbcgVnJGsKsQfDGsrsw0o8rA%2BRaFJoHO4I8aLFojOWfmakH%2Br77Ob73RMdsVuIYTFS%2FW%2FhVE2EH%2BvvD1Cxu37ulmLX0bajKBHL9HEA%3D%3D,Ferrari Approved,2023 Ferrari 296 GTB
2026-10-03_PM,2026-10-03T17:00-05:00,https://preowned.ferrari.com/en-US/a/north-america/used-ferrari/usa/ferrari-of-san-francisco/296-gtb/IljixbcgVnJGsKsQfDGsrsw0o8rA%2BRaFJoHO4I8aLFojOWfmakH%2Br77Ob73RMdsVuIYTFS%2FW%2FhVE2EH%2BvvD1Cxu37ulmLX0bajKBHL9HEA%3D%3D,296 GTB,2023,329122,6072,BLU CORSA,NERO,,,Ferrari of San Francisco INQUIRE MORE DETAILS,,https://preowned.ferrari.com/en-US/a/north-america/used-ferrari/usa/ferrari-of-san-francisco/296-gtb/IljixbcgVnJGsKsQfDGsrsw0o8rA%2BRaFJoHO4I8aLFojOWfmakH%2Br77Ob73RMdsVuIYTFS%2FW%2FhVE2EH%2BvvD1Cxu37ulmLX0bajKBHL9HEA%3D%3D,Ferrari Approved,2023 Ferrari 296 GTB
2026-10-03_PM,2026-10-03T17:00-05:00,ZFF99SLA7P0296949,296 GTB,2023,,5809,BLU ELETTRICO 2020,NERO,,,Twin Cities Performance INQUIRE MORE DETAILS,ZFF99SLA7P0296949,https://preowned.ferrari.com/en-US/a/north-america/used-ferrari/usa/twin-cities-performance/296-gtb/IljixbcgVnJGsKsQfDGsrn7iKKs3e0lcvBu4suN3M7ymDRMfrkOHoJdpz8R7BiLHuIYTFS%2FW%2FhVD2EH%2BvvP5Dha37ulmLHQZaDKAF7xLFQ%3D%3D,Ferrari Approved,2023 Ferrari 296 GTB
2026-10-03_PM,2026-10-03T17:00-05:00,https://preowned.ferrari.com/en-US/a/north-america/used-ferrari/usa/twin-cities-performance/296-gtb/IljixbcgVnJGsKsQfDGsrn7iKKs3e0lcvBu4suN3M7ymDRMfrkOHoJdpz8R7BiLHuIYTFS%2FW%2FhVD2EH%2BvvP5Dha37ulmLHQZaDKAF7xLFQ%3D%3D,296 GTB,2023,,5809,BLU ELETTRICO 2020,NERO,,,Twin Cities Performance INQUIRE MORE DETAILS,,https://preowned.ferrari.com/en-US/a/north-america/used-ferrari/usa/twin-cities-performance/296-gtb/IljixbcgVnJGsKsQfDGsrn7iKKs3e0lcvBu4suN3M7ymDRMfrkOHoJdpz8R7BiLHuIYTFS%2FW%2FhVD2EH%2BvvP5Dha37ulmLHQZaDKAF7xLFQ%3D%3D,Ferrari Approved,2023 Ferrari 296 GTB
2026-10-03_PM,2026-10-03T17:00-05:00,ZFF99SLA4S0313991,296 GTB,2025,451294,662,AVORIO,CUOIO,,,The Collection INQUIRE MORE DETAILS,ZFF99SLA4S0313991,https://preowned.ferrari.com/en-US/a/north-america/used-ferrari/usa/the-collection/296-gtb/IljixbcgVnJGsKsQfDGsrmQQ9FltN8OmUXJn9kO0NaySTpUSdwSLCTu%2By9uk3mPeuIYTFS%2FW%2FhVA20H%2Ftvb5Ax637ulmLHoaaTOBEr5MEg%3D%3D,Ferrari Approved,2025 Ferrari 296 GTB
2026-10-03_PM,2026-10-03T17:00-05:00,https://preowned.ferrari.com/en-US/a/north-america/used-ferrari/usa/the-collection/296-gtb/IljixbcgVnJGsKsQfDGsrmQQ9FltN8OmUXJn9kO0NaySTpUSdwSLCTu%2By9uk3mPeuIYTFS%2FW%2FhVA20H%2Ftvb5Ax637ulmLHoaaTOBEr5MEg%3D%3D,296 GTB,2025,451294,662,AVORIO,CUOIO,,,The Collection INQUIRE MORE DETAILS,,https://preowned.ferrari.com/en-US/a/north-america/used-ferrari/usa/the-collection/296-gtb/IljixbcgVnJGsKsQfDGsrmQQ9FltN8OmUXJn9kO0NaySTpUSdwSLCTu%2By9uk3mPeuIYTFS%2FW%2FhVA20H%2Ftvb5Ax637ulmLHoaaTOBEr5MEg%3D%3D,Ferrari Approved,2025 Ferrari 296 GTB
2026-10-03_PM,2026-10-03T17:00-05:00,ZFF99SLA1P0299586,296 GTB,2023,340689,2436,BIANCO CERVINO,NERO,,,Ferrari of Palm Beach INQUIRE MORE DETAILS,ZFF99SLA1P0299586,https://preowned.ferrari.com/en-US/a/north-america/used-ferrari/usa/ferrari-of-palm-beach/296-gtb/IljixbcgVnJGsKsQfDGsrgbHFmDJ75k1kPiYmckfv%2FLNsFvA%2FAsZudFZoWzJ%2FMMruIYTFS%2FW%2FhVF2EH%2Bvvz1Ahm37ulmLH4YbjWAE75LGQ%3D%3D,Ferrari Approved,2023 Ferrari 296 GTB
2026-10-03_PM,2026-10-03T17:00-05:00,https://preowned.ferrari.com/en-US/a/north-america/used-ferrari/usa/ferrari-of-palm-beach/296-gtb/IljixbcgVnJGsKsQfDGsrgbHFmDJ75k1kPiYmckfv%2FLNsFvA%2FAsZudFZoWzJ%2FMMruIYTFS%2FW%2FhVF2EH%2Bvvz1Ahm37ulmLH4YbjWAE75LGQ%3D%3D,296 GTB,2023,340689,2436,BIANCO CERVINO,NERO,,,Ferrari of Palm Beach INQUIRE MORE DETAILS,,https://preowned.ferrari.com/en-US/a/north-america/used-ferrari/usa/ferrari-of-palm-beach/296-gtb/IljixbcgVnJGsKsQfDGsrgbHFmDJ75k1kPiYmckfv%2FLNsFvA%2FAsZudFZoWzJ%2FMMruIYTFS%2FW%2FhVF2EH%2Bvvz1Ahm37ulmLH4YbjWAE75LGQ%3D%3D,Ferrari Approved,2023 Ferrari 296 GTB
2026-10-03_PM,2026-10-03T17:00-05:00,ZFF99SLAXP0290255,296 GTB,2023,339083,2363,NERO,NERO,,,Ron Tonkin Gran Turismo INQUIRE MORE DETAILS,ZFF99SLAXP0290255,https://preowned.ferrari.com/en-US/a/north-america/used-ferrari/usa/ron-tonkin-gran-turismo/296-gtb/IljixbcgVnJGsKsQfDGsrgifVa9CeV7lOpQwdmigKqFN833MsmTN1iRU%2FzcyHXycuIYTFS%2FW%2FhUs2EH%2BvvXyDxq37ulmLH4caTeDE75NFw%3D%3D,Ferrari Approved,2023 Ferrari 296 GTB
2026-10-03_PM,2026-10-03T17:00-05:00,https://preowned.ferrari.com/en-US/a/north-america/used-ferrari/usa/ron-tonkin-gran-turismo/296-gtb/IljixbcgVnJGsKsQfDGsrgifVa9CeV7lOpQwdmigKqFN833MsmTN1iRU%2FzcyHXycuIYTFS%2FW%2FhUs2EH%2BvvXyDxq37ulmLH4caTeDE75NFw%3D%3D,296 GTB,2023,339083,2363,NERO,NERO,,,Ron Tonkin Gran Turismo INQUIRE MORE DETAILS,,https://preowned.ferrari.com/en-US/a/north-america/used-ferrari/usa/ron-tonkin-gran-turismo/296-gtb/IljixbcgVnJGsKsQfDGsrgifVa9CeV7lOpQwdmigKqFN833MsmTN1iRU%2FzcyHXycuIYTFS%2FW%2FhUs2EH%2BvvXyDxq37ulmLH4caTeDE75NFw%3D%3D,Ferrari Approved,2023 Ferrari 296 GTB
2026-10-03_PM,2026-10-03T17:00-05:00,ZFF01SMA0P0297889,296 GTS/Spider,2023,399122,3154,EXTRA SAMPLE,NERO,,,Ferrari of San Francisco INQUIRE MORE DETAILS,ZFF01SMA0P0297889,https://preowned.ferrari.com/en-US/a/north-america/used-ferrari/usa/ferrari-of-san-francisco/296-gts/IljixbcgVnJGsKsQfDGsrooCwIf7gRltsZHqimLVE4%2BeF7rspevRNEsD4VBMPNUuuIYTHCfW%2FxVE2EH%2BvvL4Aha37ulmLX0bajKHE7xGGA%3D%3D,Ferrari Approved,2023 Ferrari 296 GTS
2026-10-03_PM,2026-10-03T17:00-05:00,https://preowned.ferrari.com/en-US/a/north-america/used-ferrari/usa/ferrari-of-san-francisco/296-gts/IljixbcgVnJGsKsQfDGsrooCwIf7gRltsZHqimLVE4%2BeF7rspevRNEsD4VBMPNUuuIYTHCfW%2FxVE2EH%2BvvL4Aha37ulmLX0bajKHE7xGGA%3D%3D,296 GTS/Spider,2023,399122,3154,EXTRA SAMPLE,NERO,,,Ferrari of San Francisco INQUIRE MORE DETAILS,,https://preowned.ferrari.com/en-US/a/north-america/used-ferrari/usa/ferrari-of-san-francisco/296-gts/IljixbcgVnJGsKsQfDGsrooCwIf7gRltsZHqimLVE4%2BeF7rspevRNEsD4VBMPNUuuIYTHCfW%2FxVE2EH%2BvvL4Aha37ulmLX0bajKHE7xGGA%3D%3D,Ferrari Approved,2023 Ferrari 296 GTS
2026-10-03_PM,2026-10-03T17:00-05:00,ZFF01SMA9P0294523,296 GTS/Spider,2023,529122,876,EXTRA SAMPLE,EXTRA SAMPLE,,,Ferrari of San Francisco INQUIRE MORE DETAILS,ZFF01SMA9P0294523,https://preowned.ferrari.com/en-US/a/north-america/used-ferrari/usa/ferrari-of-san-francisco/296-gts/IljixbcgVnJGsKsQfDGsrtPwod6lK8MkJz5%2Bqg0fiVlXBybUB2nM9iwzt%2BdNY9pFuIYTHCfW%2FxVN2EH%2BvvH1CBy37ulmLX0bajKEHb1GFw%3D%3D,Ferrari Approved,2023 Ferrari 296 GTS
2026-10-03_PM,2026-10-03T17:00-05:00,https://preowned.ferrari.com/en-US/a/north-america/used-ferrari/usa/ferrari-of-san-francisco/296-gts/IljixbcgVnJGsKsQfDGsrtPwod6lK8MkJz5%2Bqg0fiVlXBybUB2nM9iwzt%2BdNY9pFuIYTHCfW%2FxVN2EH%2BvvH1CBy37ulmLX0bajKEHb1GFw%3D%3D,296 GTS/Spider,2023,529122,876,EXTRA SAMPLE,EXTRA SAMPLE,,,Ferrari of San Francisco INQUIRE MORE DETAILS,,https://preowned.ferrari.com/en-US/a/north-america/used-ferrari/usa/ferrari-of-san-francisco/296-gts/IljixbcgVnJGsKsQfDGsrtPwod6lK8MkJz5%2Bqg0fiVlXBybUB2nM9iwzt%2BdNY9pFuIYTHCfW%2FxVN2EH%2BvvH1CBy37ulmLX0bajKEHb1GFw%3D%3D,Ferrari Approved,2023 Ferrari 296 GTS
2026-10-03_PM,2026-10-03T17:00-05:00,ZFF01SMA4R0311568,296 GTS/Spider,2024,415000,3013,AZZURRO DINO,NERO,,,Ferrari of Boca Raton INQUIRE MORE DETAILS,ZFF01SMA4R0311568,https://preowned.ferrari.com/en-US/a/north-america/used-ferrari/usa/ferrari-of-boca-raton/296-gts/IljixbcgVnJGsKsQfDGsrvjA9uuaJO8%2BwKDPuasN6lbpTqqcIxnxJwRVYhcdU4mFuIYTHCfW%2FxVA2kH%2FtvT1DBe37ulmLHQWbz6BFrhLFA%3D%3D,Ferrari Approved,2024 Ferrari 296 GTS
2026-10-03_PM,2026-10-03T17:00-05:00,https://preowned.ferrari.com/en-US/a/north-america/used-ferrari/usa/ferrari-of-boca-raton/296-gts/IljixbcgVnJGsKsQfDGsrvjA9uuaJO8%2BwKDPuasN6lbpTqqcIxnxJwRVYhcdU4mFuIYTHCfW%2FxVA2kH%2FtvT1DBe37ulmLHQWbz6BFrhLFA%3D%3D,296 GTS/Spider,2024,415000,3013,AZZURRO DINO,NERO,,,Ferrari of Boca Raton INQUIRE MORE DETAILS,,https://preowned.ferrari.com/en-US/a/north-america/used-ferrari/usa/ferrari-of-boca-raton/296-gts/IljixbcgVnJGsKsQfDGsrvjA9uuaJO8%2BwKDPuasN6lbpTqqcIxnxJwRVYhcdU4mFuIYTHCfW%2FxVA2kH%2FtvT1DBe37ulmLHQWbz6BFrhLFA%3D%3D,Ferrari Approved,2024 Ferrari 296 GTS
2026-10-03_PM,2026-10-03T17:00-05:00,ZFF01SMAXS0314268,296 GTS/Spider,2025,434970,2362,BIANCO CERVINO,NERO,,,Wide World Ferrari INQUIRE MORE DETAILS,ZFF01SMAXS0314268,https://preowned.ferrari.com/en-US/a/north-america/used-ferrari/usa/wide-world-ferrari/296-gts/IljixbcgVnJGsKsQfDGsriJnTt2YIziOYf229ZCAgI%2F6MNUkIWCrbHqPlDhoihKnuIYTHCfW%2FxUs20H%2FtvHyDBe37ulmLHQbYDGDHbxHEg%3D%3D,Ferrari Approved,2025 Ferrari 296 GTS
2026-10-03_PM,2026-10-03T17:00-05:00,https://preowned.ferrari.com/en-US/a/north-america/used-ferrari/usa/wide-world-ferrari/296-gts/IljixbcgVnJGsKsQfDGsriJnTt2YIziOYf229ZCAgI%2F6MNUkIWCrbHqPlDhoihKnuIYTHCfW%2FxUs20H%2FtvHyDBe37ulmLHQbYDGDHbxHEg%3D%3D,296 GTS/Spider,2025,434970,2362,BIANCO CERVINO,NERO,,,Wide World Ferrari INQUIRE MORE DETAILS,,https://preowned.ferrari.com/en-US/a/north-america/used-ferrari/usa/wide-world-ferrari/296-gts/IljixbcgVnJGsKsQfDGsriJnTt2YIziOYf229ZCAgI%2F6MNUkIWCrbHqPlDhoihKnuIYTHCfW%2FxUs20H%2FtvHyDBe37ulmLHQbYDGDHbxHEg%3D%3D,Ferrari Approved,2025 Ferrari 296 GTS
2026-10-03_PM,2026-10-03T17:00-05:00,ZFF01SMA2R0301380,296 GTS/Spider,2024,450062,1307,BLU LE MANS,BLU LIPARI,,,Ferrari Westlake INQUIRE MORE DETAILS,ZFF01SMA2R0301380,https://preowned.ferrari.com/en-US/a/north-america/used-ferrari/usa/ferrari-westlake/296-gts/IljixbcgVnJGsKsQfDGsrvzY9%2BeqCY7Ch67A%2BB0JVGHq6q6%2BXOYVthOg67%2FDOe6JuIYTHCfW%2FxVG2kH%2Ft%2FTzAh%2B37ulmLHQfbzGGHLxHEw%3D%3D,Ferrari Approved,2024 Ferrari 296 GTS
2026-10-03_PM,2026-10-03T17:00-05:00,https://preowned.ferrari.com/en-US/a/north-america/used-ferrari/usa/ferrari-westlake/296-gts/IljixbcgVnJGsKsQfDGsrvzY9%2BeqCY7Ch67A%2BB0JVGHq6q6%2BXOYVthOg67%2FDOe6JuIYTHCfW%2FxVG2kH%2Ft%2FTzAh%2B37ulmLHQfbzGGHLxHEw%3D%3D,296 GTS/Spider,2024,450062,1307,BLU LE MANS,BLU LIPARI,,,Ferrari Westlake INQUIRE MORE DETAILS,,https://preowned.ferrari.com/en-US/a/north-america/used-ferrari/usa/ferrari-westlake/296-gts/IljixbcgVnJGsKsQfDGsrvzY9%2BeqCY7Ch67A%2BB0JVGHq6q6%2BXOYVthOg67%2FDOe6JuIYTHCfW%2FxVG2kH%2Ft%2FTzAh%2B37ulmLHQfbzGGHLxHEw%3D%3D,Ferrari Approved,2024 Ferrari 296 GTS
2026-10-03_PM,2026-10-03T17:00-05:00,ZFF01SMA2R0312170,296 GTS/Spider,2024,409000,5245,NERO STELLATO,NERO,,,Ferrari of Boca Raton INQUIRE MORE DETAILS,ZFF01SMA2R0312170,https://preowned.ferrari.com/en-US/a/north-america/used-ferrari/usa/ferrari-of-boca-raton/296-gts/IljixbcgVnJGsKsQfDGsrsiLGlDUjs0F%2FP%2F9Hue%2FMZdOi6ciCk%2BBQVFWbgcbFWyeuIYTHCfW%2FxVG2kH%2FtvfxDR%2B37ulmLHUdbzOCEbxNEw%3D%3D,Ferrari Approved,2024 Ferrari 296 GTS
2026-10-03_PM,2026-10-03T17:00-05:00,https://preowned.ferrari.com/en-US/a/north-america/used-ferrari/usa/ferrari-of-boca-raton/296-gts/IljixbcgVnJGsKsQfDGsrsiLGlDUjs0F%2FP%2F9Hue%2FMZdOi6ciCk%2BBQVFWbgcbFWyeuIYTHCfW%2FxVG2kH%2FtvfxDR%2B37ulmLHUdbzOCEbxNEw%3D%3D,296 GTS/Spider,2024,409000,5245,NERO STELLATO,NERO,,,Ferrari of Boca Raton INQUIRE MORE DETAILS,,https://preowned.ferrari.com/en-US/a/north-america/used-ferrari/usa/ferrari-of-boca-raton/296-gts/IljixbcgVnJGsKsQfDGsrsiLGlDUjs0F%2FP%2F9Hue%2FMZdOi6ciCk%2BBQVFWbgcbFWyeuIYTHCfW%2FxVG2kH%2FtvfxDR%2B37ulmLHUdbzOCEbxNEw%3D%3D,Ferrari Approved,2024 Ferrari 296 GTS
2026-10-03_PM,2026-10-03T17:00-05:00,ZFF01SMA0T0326155,296 GTS/Spider,2026,475825,714,BLU CORSA,NERO,,,Ferrari of Las Vegas INQUIRE MORE DETAILS,ZFF01SMA0T0326155,https://preowned.ferrari.com/en-US/a/north-america/used-ferrari/usa/ferrari-of-las-vegas/296-gts/IljixbcgVnJGsKsQfDGsrvloODX22hYkCNtRyyUFOR8vor9h8c7XQa5ldNSca7DxuIYTHCfW%2FxVE3EH%2FtfPxDxq37ulmLHUebzOAEr9HFg%3D%3D,Ferrari Approved,2026 Ferrari 296 GTS
2026-10-03_PM,2026-10-03T17:00-05:00,https://preowned.ferrari.com/en-US/a/north-america/used-ferrari/usa/ferrari-of-las-vegas/296-gts/IljixbcgVnJGsKsQfDGsrvloODX22hYkCNtRyyUFOR8vor9h8c7XQa5ldNSca7DxuIYTHCfW%2FxVE3EH%2FtfPxDxq37ulmLHUebzOAEr9HFg%3D%3D,296 GTS/Spider,2026,475825,714,BLU CORSA,NERO,,,Ferrari of Las Vegas INQUIRE MORE DETAILS,,https://preowned.ferrari.com/en-US/a/north-america/used-ferrari/usa/ferrari-of-las-vegas/296-gts/IljixbcgVnJGsKsQfDGsrvloODX22hYkCNtRyyUFOR8vor9h8c7XQa5ldNSca7DxuIYTHCfW%2FxVE3EH%2FtfPxDxq37ulmLHUebzOAEr9HFg%3D%3D,Ferrari Approved,2026 Ferrari 296 GTS
2026-10-03_PM,2026-10-03T17:00-05:00,ZFF01SMA5T0327186,296 GTS/Spider,2026,499900,1116,ARGENTO NURBURGRING,BLU STERLING,,,Ferrari of Long Island INQUIRE MORE DETAILS,ZFF01SMA5T0327186,https://preowned.ferrari.com/en-US/a/north-america/used-ferrari/usa/ferrari-of-long-island/296-gts/IljixbcgVnJGsKsQfDGsrociVT%2B6sRJrUAzFX5sLgHyrfx5vENxQ%2Brmk%2FWGi70ruuIYTHCfW%2FxVB3EH%2FtfLxAhm37ulmLHoWaz%2BGEbdPEQ%3D%3D,Ferrari Approved,2026 Ferrari 296 GTS
2026-10-03_PM,2026-10-03T17:00-05:00,https://preowned.ferrari.com/en-US/a/north-america/used-ferrari/usa/ferrari-of-long-island/296-gts/IljixbcgVnJGsKsQfDGsrociVT%2B6sRJrUAzFX5sLgHyrfx5vENxQ%2Brmk%2FWGi70ruuIYTHCfW%2FxVB3EH%2FtfLxAhm37ulmLHoWaz%2BGEbdPEQ%3D%3D,296 GTS/Spider,2026,499900,1116,ARGENTO NURBURGRING,BLU STERLING,,,Ferrari of Long Island INQUIRE MORE DETAILS,,https://preowned.ferrari.com/en-US/a/north-america/used-ferrari/usa/ferrari-of-long-island/296-gts/IljixbcgVnJGsKsQfDGsrociVT%2B6sRJrUAzFX5sLgHyrfx5vENxQ%2Brmk%2FWGi70ruuIYTHCfW%2FxVB3EH%2FtfLxAhm37ulmLHoWaz%2BGEbdPEQ%3D%3D,Ferrari Approved,2026 Ferrari 296 GTS
2026-10-03_PM,2026-10-03T17:00-05:00,ZFF01SMA8S0314415,296 GTS/Spider,2025,409895,589,GIALLO MODENA,NERO,,,Ferrari Central Florida INQUIRE MORE DETAILS,ZFF01SMA8S0314415,https://preowned.ferrari.com/en-US/a/north-america/used-ferrari/usa/ferrari-central-florida/296-gts/IljixbcgVnJGsKsQfDGsrqGlY0fhCPj%2FwPKQFRYzKeF%2FWlN0qBFhANQrXeWvLyy8uIYTHCfW%2FxVM20H%2FtvH0Cxq37ulmLHocazeDE79LEw%3D%3D,Ferrari Approved,2025 Ferrari 296 GTS
2026-10-03_PM,2026-10-03T17:00-05:00,https://preowned.ferrari.com/en-US/a/north-america/used-ferrari/usa/ferrari-central-florida/296-gts/IljixbcgVnJGsKsQfDGsrqGlY0fhCPj%2FwPKQFRYzKeF%2FWlN0qBFhANQrXeWvLyy8uIYTHCfW%2FxVM20H%2FtvH0Cxq37ulmLHocazeDE79LEw%3D%3D,296 GTS/Spider,2025,409895,589,GIALLO MODENA,NERO,,,Ferrari Central Florida INQUIRE MORE DETAILS,,https://preowned.ferrari.com/en-US/a/north-america/used-ferrari/usa/ferrari-central-florida/296-gts/IljixbcgVnJGsKsQfDGsrqGlY0fhCPj%2FwPKQFRYzKeF%2FWlN0qBFhANQrXeWvLyy8uIYTHCfW%2FxVM20H%2FtvH0Cxq37ulmLHocazeDE79LEw%3D%3D,Ferrari Approved,2025 Ferrari 296 GTS
2026-10-03_PM,2026-10-03T17:00-05:00,ZFF92LLA0L0253297,F8 Coupe (Tributo),2020,474980,6080,GRIGIO SILVERSTONE,NERO,,,Ferrari of Salt Lake City INQUIRE MORE DETAILS,ZFF92LLA0L0253297,https://preowned.ferrari.com/en-US/a/north-america/used-ferrari/usa/ferrari-of-salt-lake-city/f8-tributo/IljixbcgVnJGsKsQfDGsrlarVJWXAvbwpj7K%2B4Y%2F8mjxD4pwvQ6mH%2BwOI1doUvrLuIYTFSTJ%2FhVExEH%2BsvbyAxi37ulmLHQWaDOCEbZJEw%3D%3D,Ferrari Approved,2020 Ferrari F8 TRIBUTO
2026-10-03_PM,2026-10-03T17:00-05:00,https://preowned.ferrari.com/en-US/a/north-america/used-ferrari/usa/ferrari-of-salt-lake-city/f8-tributo/IljixbcgVnJGsKsQfDGsrlarVJWXAvbwpj7K%2B4Y%2F8mjxD4pwvQ6mH%2BwOI1doUvrLuIYTFSTJ%2FhVExEH%2BsvbyAxi37ulmLHQWaDOCEbZJEw%3D%3D,F8 Coupe (Tributo),2020,474980,6080,GRIGIO SILVERSTONE,NERO,,,Ferrari of Salt Lake City INQUIRE MORE DETAILS,,https://preowned.ferrari.com/en-US/a/north-america/used-ferrari/usa/ferrari-of-salt-lake-city/f8-tributo/IljixbcgVnJGsKsQfDGsrlarVJWXAvbwpj7K%2B4Y%2F8mjxD4pwvQ6mH%2BwOI1doUvrLuIYTFSTJ%2FhVExEH%2BsvbyAxi37ulmLHQWaDOCEbZJEw%3D%3D,Ferrari Approved,2020 Ferrari F8 TRIBUTO
2026-10-03_PM,2026-10-03T17:00-05:00,ZFF92LLA2N0273005,F8 Coupe (Tributo),2022,449995,14020,NERO DAYTONA,NERO,,,Ferrari of Central New Jersey INQUIRE MORE DETAILS,ZFF92LLA2N0273005,https://preowned.ferrari.com/en-US/a/north-america/used-ferrari/usa/ferrari-of-central-new-jersey/f8-tributo/IljixbcgVnJGsKsQfDGsrgA%2BzJWE1x4lWV3DPRngNwj4aGjK%2F5iEhzgWwvsatX2RuIYTFSTJ%2FhVGxkH%2BsPbwChq37ulnJXUZaDSHFL9OGQ%3D%3D,Ferrari Approved,2022 Ferrari F8 TRIBUTO
2026-10-03_PM,2026-10-03T17:00-05:00,https://preowned.ferrari.com/en-US/a/north-america/used-ferrari/usa/ferrari-of-central-new-jersey/f8-tributo/IljixbcgVnJGsKsQfDGsrgA%2BzJWE1x4lWV3DPRngNwj4aGjK%2F5iEhzgWwvsatX2RuIYTFSTJ%2FhVGxkH%2BsPbwChq37ulnJXUZaDSHFL9OGQ%3D%3D,F8 Coupe (Tributo),2022,449995,14020,NERO DAYTONA,NERO,,,Ferrari of Central New Jersey INQUIRE MORE DETAILS,,https://preowned.ferrari.com/en-US/a/north-america/used-ferrari/usa/ferrari-of-central-new-jersey/f8-tributo/IljixbcgVnJGsKsQfDGsrgA%2BzJWE1x4lWV3DPRngNwj4aGjK%2F5iEhzgWwvsatX2RuIYTFSTJ%2FhVGxkH%2BsPbwChq37ulnJXUZaDSHFL9OGQ%3D%3D,Ferrari Approved,2022 Ferrari F8 TRIBUTO
2026-10-03_PM,2026-10-03T17:00-05:00,ZFF92LLA4N0276052,F8 Coupe (Tributo),2022,620598,1688,VIOLA HONG KONG,NERO,,,Scottsdale Ferrari INQUIRE MORE DETAILS,ZFF92LLA4N0276052,https://preowned.ferrari.com/en-US/a/north-america/used-ferrari/usa/scottsdale-ferrari/f8-tributo/IljixbcgVnJGsKsQfDGsrkhFfYk%2FGgm8qTRlF8YLSKrLf3%2Bys0psw44f6lDsla8tuIYTFSTJ%2FhVAxkH%2BsPPwDx237ulnJXgabT%2BBE7xPFw%3D%3D,Ferrari Approved,2022 Ferrari F8 TRIBUTO
2026-10-03_PM,2026-10-03T17:00-05:00,https://preowned.ferrari.com/en-US/a/north-america/used-ferrari/usa/scottsdale-ferrari/f8-tributo/IljixbcgVnJGsKsQfDGsrkhFfYk%2FGgm8qTRlF8YLSKrLf3%2Bys0psw44f6lDsla8tuIYTFSTJ%2FhVAxkH%2BsPPwDx237ulnJXgabT%2BBE7xPFw%3D%3D,F8 Coupe (Tributo),2022,620598,1688,VIOLA HONG KONG,NERO,,,Scottsdale Ferrari INQUIRE MORE DETAILS,,https://preowned.ferrari.com/en-US/a/north-america/used-ferrari/usa/scottsdale-ferrari/f8-tributo/IljixbcgVnJGsKsQfDGsrkhFfYk%2FGgm8qTRlF8YLSKrLf3%2Bys0psw44f6lDsla8tuIYTFSTJ%2FhVAxkH%2BsPPwDx237ulnJXgabT%2BBE7xPFw%3D%3D,Ferrari Approved,2022 Ferrari F8 TRIBUTO
2026-10-03_PM,2026-10-03T17:00-05:00,ZFF92LLA2N0272792,F8 Coupe (Tributo),2022,440697,14615,BLU TOUR DE FRANCE,PELLE GIALLA,,,Scottsdale Ferrari INQUIRE MORE DETAILS,ZFF92LLA2N0272792,https://preowned.ferrari.com/en-US/a/north-america/used-ferrari/usa/scottsdale-ferrari/f8-tributo/IljixbcgVnJGsKsQfDGsrncF1y9lOyl%2FJa2EVGonMEX4zAdyrGbEeroWgHFfGmMTuIYTFSTJ%2FhVGxkH%2BsPf3Ax237ulnJXgabT%2BBFbdLGA%3D%3D,Ferrari Approved,2022 Ferrari F8 TRIBUTO
2026-10-03_PM,2026-10-03T17:00-05:00,https://preowned.ferrari.com/en-US/a/north-america/used-ferrari/usa/scottsdale-ferrari/f8-tributo/IljixbcgVnJGsKsQfDGsrncF1y9lOyl%2FJa2EVGonMEX4zAdyrGbEeroWgHFfGmMTuIYTFSTJ%2FhVGxkH%2BsPf3Ax237ulnJXgabT%2BBFbdLGA%3D%3D,F8 Coupe (Tributo),2022,440697,14615,BLU TOUR DE FRANCE,PELLE GIALLA,,,Scottsdale Ferrari INQUIRE MORE DETAILS,,https://preowned.ferrari.com/en-US/a/north-america/used-ferrari/usa/scottsdale-ferrari/f8-tributo/IljixbcgVnJGsKsQfDGsrncF1y9lOyl%2FJa2EVGonMEX4zAdyrGbEeroWgHFfGmMTuIYTFSTJ%2FhVGxkH%2BsPf3Ax237ulnJXgabT%2BBFbdLGA%3D%3D,Ferrari Approved,2022 Ferrari F8 TRIBUTO
2026-10-03_PM,2026-10-03T17:00-05:00,ZFF93LMAXN0274267,F8 Spider,2022,699122,3470,BLU CORSA,NERO,,,Ferrari of San Francisco INQUIRE MORE DETAILS,ZFF93LMAXN0274267,https://preowned.ferrari.com/en-US/a/north-america/used-ferrari/usa/ferrari-of-san-francisco/f8-spider/IljixbcgVnJGsKsQfDGsrjQi7WeLyk19MitIwHm%2BtYh47yB2gyV%2BJryv1QJkffR3uIYTFSXJ%2FxUsxkH%2BsPHyDBi37ulmLX0bajKGErZIEw%3D%3D,Ferrari Approved,2022 Ferrari F8 SPIDER
2026-10-03_PM,2026-10-03T17:00-05:00,https://preowned.ferrari.com/en-US/a/north-america/used-ferrari/usa/ferrari-of-san-francisco/f8-spider/IljixbcgVnJGsKsQfDGsrjQi7WeLyk19MitIwHm%2BtYh47yB2gyV%2BJryv1QJkffR3uIYTFSXJ%2FxUsxkH%2BsPHyDBi37ulmLX0bajKGErZIEw%3D%3D,F8 Spider,2022,699122,3470,BLU CORSA,NERO,,,Ferrari of San Francisco INQUIRE MORE DETAILS,,https://preowned.ferrari.com/en-US/a/north-america/used-ferrari/usa/ferrari-of-san-francisco/f8-spider/IljixbcgVnJGsKsQfDGsrjQi7WeLyk19MitIwHm%2BtYh47yB2gyV%2BJryv1QJkffR3uIYTFSXJ%2FxUsxkH%2BsPHyDBi37ulmLX0bajKGErZIEw%3D%3D,Ferrari Approved,2022 Ferrari F8 SPIDER
2026-10-03_PM,2026-10-03T17:00-05:00,ZFF93LMA9M0261637,F8 Spider,2021,581910,6140,GIALLO TRIPLO STRATO,NERO,,,Ferrari of Houston INQUIRE MORE DETAILS,ZFF93LMA9M0261637,https://preowned.ferrari.com/en-US/a/north-america/used-ferrari/usa/ferrari-of-houston/f8-spider/IljixbcgVnJGsKsQfDGsrtOAeVo%2Bdg3JejsLyPKzeLbW0nues7paF5oul3vwafXruIYTFSXJ%2FxVNxUH%2BsfT2CRi37ulmLHQcaTeEFbdKFg%3D%3D,Ferrari Approved,2021 Ferrari F8 SPIDER
2026-10-03_PM,2026-10-03T17:00-05:00,https://preowned.ferrari.com/en-US/a/north-america/used-ferrari/usa/ferrari-of-houston/f8-spider/IljixbcgVnJGsKsQfDGsrtOAeVo%2Bdg3JejsLyPKzeLbW0nues7paF5oul3vwafXruIYTFSXJ%2FxVNxUH%2BsfT2CRi37ulmLHQcaTeEFbdKFg%3D%3D,F8 Spider,2021,581910,6140,GIALLO TRIPLO STRATO,NERO,,,Ferrari of Houston INQUIRE MORE DETAILS,,https://preowned.ferrari.com/en-US/a/north-america/used-ferrari/usa/ferrari-of-houston/f8-spider/IljixbcgVnJGsKsQfDGsrtOAeVo%2Bdg3JejsLyPKzeLbW0nues7paF5oul3vwafXruIYTFSXJ%2FxVNxUH%2BsfT2CRi37ulmLHQcaTeEFbdKFg%3D%3D,Ferrari Approved,2021 Ferrari F8 SPIDER
2026-10-03_PM,2026-10-03T17:00-05:00,ZFF93LMA7M0262169,F8 Spider,2021,598685,12274,GIALLO TRIPLO STRATO,NERO,,,Ferrari of Salt Lake City INQUIRE MORE DETAILS,ZFF93LMA7M0262169,https://preowned.ferrari.com/en-US/a/north-america/used-ferrari/usa/ferrari-of-salt-lake-city/f8-spider/IljixbcgVnJGsKsQfDGsrr1zlkYffygRVV7NaD5I1CFRvgSpOJK%2BHJbELzP%2FN6kauIYTFSXJ%2FxVDxUH%2BsffxDBa37ulmLHgZYT6FErxPFw%3D%3D,Ferrari Approved,2021 Ferrari F8 SPIDER
2026-10-03_PM,2026-10-03T17:00-05:00,https://preowned.ferrari.com/en-US/a/north-america/used-ferrari/usa/ferrari-of-salt-lake-city/f8-spider/IljixbcgVnJGsKsQfDGsrr1zlkYffygRVV7NaD5I1CFRvgSpOJK%2BHJbELzP%2FN6kauIYTFSXJ%2FxVDxUH%2BsffxDBa37ulmLHgZYT6FErxPFw%3D%3D,F8 Spider,2021,598685,12274,GIALLO TRIPLO STRATO,NERO,,,Ferrari of Salt Lake City INQUIRE MORE DETAILS,,https://preowned.ferrari.com/en-US/a/north-america/used-ferrari/usa/ferrari-of-salt-lake-city/f8-spider/IljixbcgVnJGsKsQfDGsrr1zlkYffygRVV7NaD5I1CFRvgSpOJK%2BHJbELzP%2FN6kauIYTFSXJ%2FxVDxUH%2BsffxDBa37ulmLHgZYT6FErxPFw%3D%3D,Ferrari Approved,2021 Ferrari F8 SPIDER
2026-10-03_PM,2026-10-03T17:00-05:00,ZFF93LMA8M0264092,F8 Spider,2021,599990,6760,BIANCO AVUS,NERO,,,Ferrari of Greensboro INQUIRE MORE DETAILS,ZFF93LMA8M0264092,https://preowned.ferrari.com/en-US/a/north-america/used-ferrari/usa/ferrari-of-greensboro/f8-spider/IljixbcgVnJGsKsQfDGsrt6dOkaJi7zMTeXEbnf3Ww1ecIvLfPUgoi3L%2FLBseul2uIYTFSXJ%2FxVMxUH%2BsfHwAx237ulmLH4WbTOGEb5IFQ%3D%3D,Ferrari Approved,2021 Ferrari F8 SPIDER
2026-10-03_PM,2026-10-03T17:00-05:00,https://preowned.ferrari.com/en-US/a/north-america/used-ferrari/usa/ferrari-of-greensboro/f8-spider/IljixbcgVnJGsKsQfDGsrt6dOkaJi7zMTeXEbnf3Ww1ecIvLfPUgoi3L%2FLBseul2uIYTFSXJ%2FxVMxUH%2BsfHwAx237ulmLH4WbTOGEb5IFQ%3D%3D,F8 Spider,2021,599990,6760,BIANCO AVUS,NERO,,,Ferrari of Greensboro INQUIRE MORE DETAILS,,https://preowned.ferrari.com/en-US/a/north-america/used-ferrari/usa/ferrari-of-greensboro/f8-spider/IljixbcgVnJGsKsQfDGsrt6dOkaJi7zMTeXEbnf3Ww1ecIvLfPUgoi3L%2FLBseul2uIYTFSXJ%2FxVMxUH%2BsfHwAx237ulmLH4WbTOGEb5IFQ%3D%3D,Ferrari Approved,2021 Ferrari F8 SPIDER
